label,section,market,report_date,latest,wow,ave_3m,ave_6m,ave_1y,max_3y,min_3y,z_1y,z_3y,n_weeks
SPX (E-mini),EQUITIES,E-MINI S&P 500 - CHICAGO MERCANTILE EXCHANGE,2026-10-06,-154070,-11571,-65360,-94903,-113183,113440,-239827,-0.7093821182108141,-0.8260562283478905,300
VIX,EQUITIES,VIX FUTURES - CBOE FUTURES EXCHANGE,2026-10-06,-91294,-11684,-78884,-64973,-66367,10943,-120434,-1.2101043971959975,-1.507404854730696,300
Russell 2000 mini,EQUITIES,RUSSELL E-MINI - CHICAGO MERCANTILE EXCHANGE,2026-10-06,-87845,-10405,-52819,-36337,-28166,26337,-95231,-2.196173797468848,-2.1626448432182546,300
Dow Jones mini,EQUITIES,DJIA Consolidated - CHICAGO BOARD OF TRADE,2026-10-06,11803,1777,16012,7895,579,25831,-37076,0.9635339006416608,0.6673696460024502,300
Nasdaq mini,EQUITIES,NASDAQ MINI - CHICAGO MERCANTILE EXCHANGE,2026-10-06,58123,6876,15684,6141,18653,58123,-39302,1.6840867774090837,2.3591783066474967,300
10Y UST,RATES,UST 10Y NOTE - CHICAGO BOARD OF TRADE,2026-10-06,-896481,4134,-880144,-852603,-810498,-307692,-1143889,-0.9413270225514552,-0.8166417122577692,300
2Y UST,RATES,UST 2Y NOTE - CHICAGO BOARD OF TRADE,2026-10-06,-852904,-60880,-959194,-1208690,-1282970,-792024,-1743353,1.7685064465633764,2.0646835992640744,300
5Y UST,RATES,UST 5Y NOTE - CHICAGO BOARD OF TRADE,2026-10-06,-1163531,-167830,-1192239,-1294483,-1726365,-880853,-2681987,1.1406609010448134,1.2458539963936714,300
UST Bonds,RATES,UST BOND - CHICAGO BOARD OF TRADE,2026-10-06,-119812,67063,-185473,-165367,-91270,47781,-219012,-0.3474424438668308,-0.7349627097884133,300
30D Fed Funds,RATES,FED FUNDS - CHICAGO BOARD OF TRADE,2026-10-06,82669,143295,-199645,-167070,-89953,310943,-407579,0.973990056212158,1.23091560651555,300
USD (DXY),CURRENCIES,USD INDEX - ICE FUTURES U.S.,2026-10-06,12011,130,15931,10906,2212,22499,-16347,0.8685636376843028,0.7981807204316502,300
JPY,CURRENCIES,JAPANESE YEN - CHICAGO MERCANTILE EXCHANGE,2026-10-06,62325,6885,-31790,-72650,-37956,179212,-184223,1.3904548182262213,0.8121610613071027,300
EUR,CURRENCIES,EURO FX - CHICAGO MERCANTILE EXCHANGE,2026-10-06,-99332,-36076,-49953,-11493,49536,180305,-99332,-1.8987632935701584,-2.1943025727920924,300
GBP,CURRENCIES,BRITISH POUND - CHICAGO MERCANTILE EXCHANGE,2026-10-06,-97611,-6536,-64857,-66423,-57418,142183,-105719,-1.7195702023263382,-1.8434259603674494,300
AUD,CURRENCIES,AUSTRALIAN DOLLAR - CHICAGO MERCANTILE EXCHANGE,2026-10-06,-98588,-35349,-45478,-3058,-5243,85644,-107538,-1.6832067093764789,-1.2755842461801057,300
CAD,CURRENCIES,CANADIAN DOLLAR - CHICAGO MERCANTILE EXCHANGE,2026-10-06,-90163,-11492,-122880,-104684,-83432,36159,-196263,-0.10186916291279577,0.04449690132733171,300
MXN,CURRENCIES,MEXICAN PESO - CHICAGO MERCANTILE EXCHANGE,2026-10-06,10701,-41701,73328,69505,78206,139691,-1544,-3.767074865102596,-1.7303906073314677,300
NZD,CURRENCIES,NZ DOLLAR - CHICAGO MERCANTILE EXCHANGE,2026-10-06,-29346,-12031,-25951,-35573,-37759,30743,-65189,0.5446625513544421,-0.3645287825183604,300
CHF,CURRENCIES,SWISS FRANC - CHICAGO MERCANTILE EXCHANGE,2026-10-06,-23740,877,-28779,-32562,-34568,-3445,-49793,1.7586770145009243,0.5592204223830637,300
Crude Oil,COMMODITIES,WTI-PHYSICAL - NEW YORK MERCANTILE EXCHANGE,2026-10-06,99060,-10403,113360,133010,121034,306388,39800,-0.4072061220192121,-1.1425760654837065,300
Gold,COMMODITIES,GOLD - COMMODITY EXCHANGE INC.,2026-10-06,210335,-8297,213769,192839,194525,315390,112738,0.5398245208695749,-0.11743636322105953,300
Copper,COMMODITIES,COPPER- #1 - COMMODITY EXCHANGE INC.,2026-10-06,69434,-15977,78616,73731,62770,92476,-32697,0.4744910008412821,1.2266052666847533,300
Natural Gas,COMMODITIES,NAT GAS NYME - NEW YORK MERCANTILE EXCHANGE,2026-10-06,-236439,-5419,-205455,-192195,-177217,-54652,-236439,-2.177223798938828,-2.502055113248531,300
RBOB Gasoline,COMMODITIES,GASOLINE RBOB - NEW YORK MERCANTILE EXCHANGE,2026-10-06,70531,5300,63576,58910,66830,102246,11587,0.241988100096816,0.8743770274248384,300
ULSD Heating Oil,COMMODITIES,NY HARBOR ULSD - NEW YORK MERCANTILE EXCHANGE,2026-10-06,10995,-1096,11355,7658,13195,37349,-32954,-0.28052665140811345,0.03697530358547023,300
Silver,COMMODITIES,SILVER - COMMODITY EXCHANGE INC.,2026-10-06,23153,1070,24182,24328,27214,67174,12425,-0.7121699272256062,-1.1746790833790806,300
Platinum,COMMODITIES,PLATINUM - NEW YORK MERCANTILE EXCHANGE,2026-10-06,13968,479,14124,15699,16187,35543,-4364,-0.8538366122816039,-0.279852935064125,300
Corn,COMMODITIES,CORN - CHICAGO BOARD OF TRADE,2026-10-06,452473,-57028,379644,302715,186922,542999,-266067,1.4148862267419318,1.8998100157891424,300
Soybeans,COMMODITIES,SOYBEANS - CHICAGO BOARD OF TRADE,2026-10-06,273896,17024,219663,195449,181780,281581,-197241,1.426265302021238,1.8466652845479428,300
Wheat,COMMODITIES,WHEAT-SRW - CHICAGO BOARD OF TRADE,2026-10-06,-16048,414,-7232,-18458,-34117,24703,-118100,0.6347748513599503,1.1113865826718263,300
Live Cattle,COMMODITIES,LIVE CATTLE - CHICAGO MERCANTILE EXCHANGE,2026-10-06,29392,-5776,39240,66318,77631,123646,22808,-1.92791948598426,-1.6134431530395175,300
Lean Hogs,COMMODITIES,LEAN HOGS - CHICAGO MERCANTILE EXCHANGE,2026-10-06,-76468,-237,-61559,-41190,6728,103357,-76468,-1.4997441556966165,-2.0831866468420275,300
Sugar,COMMODITIES,SUGAR NO. 11 - ICE FUTURES U.S.,2026-10-06,217275,48833,73699,-17216,-96007,232083,-253592,2.577746964757951,1.9184143548750578,300
Cotton,COMMODITIES,COTTON NO. 2 - ICE FUTURES U.S.,2026-10-06,96358,-255,106194,95641,33577,130721,-65632,0.9326659811506084,1.6828988841721075,300
Coffee,COMMODITIES,COFFEE C - ICE FUTURES U.S.,2026-10-06,16213,2721,22522,20430,24472,76520,-188,-0.8365241114736506,-1.383957249164878,300
Cocoa,COMMODITIES,COCOA - ICE FUTURES U.S.,2026-10-06,-10648,3471,-7293,-12849,-10276,77020,-23643,-0.03953008646469321,-1.1226420160135426,300
Orange Juice,COMMODITIES,FRZN CONCENTRATED ORANGE JUICE - ICE FUTURES U.S.,2026-10-06,439,-191,684,1300,886,5744,-2002,-0.3907552277424277,-1.1735151714812448,300
