date,MOVE,HY_OAS,BBB_OAS,HYG,Y2,Y10,SPREAD
2025-02-10,87.68000030517578,2.66,1.04,72.13040161132812,4.28,4.51,0.22999999999999954
2025-02-11,85.58000183105469,2.66,1.03,72.10320281982422,4.29,4.54,0.25
2025-02-12,86.58000183105469,2.65,1.01,71.94896697998047,4.36,4.62,0.2599999999999998
2025-02-13,84.56999969482422,2.65,1.0,72.27555847167969,4.31,4.52,0.20999999999999996
2025-02-14,84.66999816894531,2.62,1.0,72.35719299316406,4.26,4.47,0.20999999999999996
2025-02-17,,2.62,1.0,,,,
2025-02-18,84.51000213623047,2.62,0.98,72.29370880126953,4.29,4.55,0.2599999999999998
2025-02-19,83.86000061035156,2.68,0.99,72.34813690185547,4.28,4.53,0.25
2025-02-20,86.26000213623047,2.66,0.99,72.39350128173828,4.28,4.5,0.21999999999999975
2025-02-21,91.83000183105469,2.78,1.01,72.25743103027344,4.19,4.42,0.22999999999999954
2025-02-24,88.44000244140625,2.78,1.01,72.34813690185547,4.13,4.4,0.27000000000000046
2025-02-25,96.61000061035156,2.84,1.03,72.5295639038086,4.07,4.3,0.22999999999999954
2025-02-26,97.5199966430664,2.81,1.04,72.62936401367188,4.05,4.25,0.20000000000000018
2025-02-27,96.2699966430664,2.81,1.05,72.49329376220703,4.07,4.29,0.21999999999999975
2025-02-28,104.45999908447266,2.87,1.09,72.69285583496094,3.99,4.24,0.25
2025-03-03,105.6500015258789,2.94,1.1,72.54157257080078,3.96,4.16,0.20000000000000018
2025-03-04,108.87000274658203,2.99,1.11,72.53245544433594,3.96,4.22,0.2599999999999998
2025-03-05,104.31999969482422,2.88,1.08,72.56890106201172,3.99,4.28,0.29000000000000004
2025-03-06,108.94999694824219,2.99,1.09,72.29548645019531,3.96,4.29,0.33000000000000007
2025-03-07,104.41000366210938,2.97,1.1,72.41395568847656,3.99,4.32,0.33000000000000007
2025-03-10,112.5,3.16,1.13,72.14053344726562,3.89,4.22,0.3299999999999996
2025-03-11,114.5999984741211,3.22,1.16,71.88533020019531,3.94,4.28,0.3400000000000003
2025-03-12,104.11000061035156,3.2,1.17,71.96734619140625,4.01,4.32,0.3100000000000005
2025-03-13,106.19000244140625,3.4,1.2,71.56632232666016,3.94,4.27,0.3299999999999996
2025-03-14,101.01000213623047,3.25,1.16,71.8944320678711,4.02,4.31,0.29000000000000004
2025-03-17,99.77999877929688,3.18,1.15,72.067626953125,4.06,4.31,0.25
2025-03-18,96.68000030517578,3.23,1.15,71.94001007080078,4.04,4.29,0.25
2025-03-19,91.4000015258789,3.19,1.13,72.41395568847656,3.99,4.25,0.2599999999999998
2025-03-20,95.73999786376953,3.17,1.13,72.31369018554688,3.95,4.24,0.29000000000000004
2025-03-21,94.54000091552734,3.21,1.14,72.20433044433594,3.94,4.25,0.31000000000000005
2025-03-24,95.22000122070312,3.05,1.12,72.41395568847656,4.04,4.34,0.2999999999999998
2025-03-25,93.56999969482422,3.09,1.12,72.37750244140625,3.96,4.31,0.34999999999999964
2025-03-26,91.41000366210938,3.19,1.13,72.0858383178711,3.98,4.35,0.36999999999999966
2025-03-27,91.02999877929688,3.27,1.14,71.94913482666016,3.97,4.38,0.4099999999999997
2025-03-28,96.83000183105469,3.47,1.17,71.82151794433594,3.89,4.27,0.37999999999999945
2025-03-31,101.3499984741211,3.55,1.2,71.90355682373047,3.89,4.23,0.3400000000000003
2025-04-01,104.7300033569336,3.5,1.21,72.07024383544922,3.87,4.17,0.2999999999999998
2025-04-02,106.38999938964844,3.42,1.19,72.21676635742188,3.91,4.2,0.29000000000000004
2025-04-03,112.0,4.01,1.3,71.31922149658203,3.71,4.06,0.34999999999999964
2025-04-04,125.70999908447266,4.45,1.41,70.30260467529297,3.68,4.01,0.3299999999999996
2025-04-07,137.3000030517578,4.61,1.48,69.69812774658203,3.73,4.15,0.4200000000000004
2025-04-08,139.8800048828125,4.57,1.46,69.37757110595703,3.71,4.26,0.5499999999999998
2025-04-09,128.8300018310547,4.37,1.49,71.23680114746094,3.91,4.34,0.4299999999999997
2025-04-10,128.35000610351562,4.42,1.46,70.0736312866211,3.84,4.4,0.5600000000000005
2025-04-11,137.25999450683594,4.26,1.46,70.28429412841797,3.96,4.48,0.5200000000000005
2025-04-14,132.4600067138672,4.14,1.43,70.63232421875,3.84,4.38,0.54
2025-04-15,122.55999755859375,4.09,1.42,70.82463836669922,3.84,4.35,0.5099999999999998
2025-04-16,119.4000015258789,4.16,1.41,70.81549835205078,3.77,4.29,0.52
2025-04-17,114.63999938964844,4.02,1.39,71.22764587402344,3.81,4.34,0.5299999999999998
2025-04-21,128.55999755859375,4.16,1.4,70.80635070800781,3.75,4.42,0.6699999999999999
2025-04-22,118.3499984741211,3.99,1.39,71.08110046386719,3.76,4.41,0.6500000000000004
2025-04-23,116.5999984741211,3.75,1.35,71.43829345703125,3.81,4.4,0.5900000000000003
2025-04-24,108.27999877929688,3.73,1.33,72.07940673828125,3.77,4.32,0.5500000000000003
2025-04-25,105.79000091552734,3.67,1.31,72.14352416992188,3.74,4.29,0.5499999999999998
2025-04-28,110.01000213623047,3.73,1.31,72.1801528930664,3.67,4.23,0.5600000000000005
2025-04-29,112.2699966430664,3.74,1.33,72.37248229980469,3.65,4.19,0.5400000000000005
2025-04-30,112.4800033569336,3.94,1.37,71.9878158569336,3.6,4.17,0.5699999999999998
2025-05-01,107.33000183105469,3.78,1.38,72.08079528808594,3.7,4.25,0.5499999999999998
2025-05-02,101.4000015258789,3.6,1.34,72.30174255371094,3.83,4.33,0.5
2025-05-05,104.44999694824219,3.6,1.33,72.27410888671875,3.83,4.36,0.5300000000000002
2025-05-06,106.18000030517578,3.66,1.33,72.21888732910156,3.78,4.3,0.52
2025-05-07,99.87000274658203,3.67,1.32,72.28330993652344,3.78,4.26,0.48
2025-05-08,98.66000366210938,3.51,1.29,72.26490783691406,3.9,4.37,0.4700000000000002
2025-05-09,100.4000015258789,3.53,1.29,72.31094360351562,3.88,4.37,0.4900000000000002
2025-05-12,102.9000015258789,3.15,1.22,73.02898406982422,3.98,4.45,0.4700000000000002
2025-05-13,100.12999725341797,3.09,1.19,73.15785217285156,4.02,4.49,0.47000000000000064
2025-05-14,100.7300033569336,3.1,1.18,72.89089965820312,4.05,4.53,0.4800000000000004
2025-05-15,98.6500015258789,3.2,1.19,73.02898406982422,3.96,4.45,0.4900000000000002
2025-05-16,96.69999694824219,3.16,1.17,73.11182403564453,3.98,4.43,0.44999999999999973
2025-05-19,103.80999755859375,3.21,1.16,73.07500457763672,3.97,4.46,0.48999999999999977
2025-05-20,101.37000274658203,3.2,1.15,73.0381851196289,3.97,4.48,0.5100000000000002
2025-05-21,102.0999984741211,3.25,1.15,72.55029296875,4.0,4.58,0.5800000000000001
2025-05-22,99.47000122070312,3.32,1.16,72.69757080078125,4.0,4.54,0.54
2025-05-23,100.91000366210938,3.4,1.18,72.67914581298828,4.0,4.51,0.5099999999999998
2025-05-26,,3.4,1.18,,,,
2025-05-27,97.93000030517578,3.24,1.15,73.12104797363281,3.92,4.43,0.5099999999999998
2025-05-28,93.19999694824219,3.23,1.14,73.07500457763672,3.96,4.47,0.5099999999999998
2025-05-29,92.66999816894531,3.22,1.14,73.18549346923828,3.92,4.43,0.5099999999999998
2025-05-30,92.11000061035156,3.31,1.15,73.24991607666016,3.89,4.41,0.52
2025-05-31,,3.32,1.16,,,,
2025-06-02,95.76000213623047,3.27,1.15,73.23696899414062,3.94,4.46,0.52
2025-06-03,100.0,3.19,1.12,73.37572479248047,3.96,4.46,0.5
2025-06-04,96.9800033569336,3.23,1.12,73.51445007324219,3.87,4.37,0.5
2025-06-05,94.6500015258789,3.18,1.12,73.35720825195312,3.92,4.4,0.4800000000000004
2025-06-06,89.6500015258789,3.09,1.1,73.34795379638672,4.04,4.51,0.46999999999999975
2025-06-09,92.62000274658203,3.12,1.09,73.38494873046875,4.01,4.49,0.4800000000000004
2025-06-10,91.22000122070312,3.12,1.09,73.56072235107422,4.01,4.47,0.45999999999999996
2025-06-11,89.36000061035156,3.12,1.09,73.54219818115234,3.94,4.41,0.4700000000000002
2025-06-12,88.98999786376953,3.17,1.1,73.62542724609375,3.9,4.36,0.4600000000000004
2025-06-13,95.30999755859375,3.18,1.1,73.4034652709961,3.96,4.41,0.4500000000000002
2025-06-16,93.4800033569336,3.1,1.08,73.55145263671875,3.97,4.46,0.48999999999999977
2025-06-17,97.18000030517578,3.17,1.1,73.46820831298828,3.94,4.39,0.44999999999999973
2025-06-18,93.63999938964844,3.16,1.1,73.5792007446289,3.94,4.38,0.43999999999999995
2025-06-19,,3.16,1.1,,,,
2025-06-20,90.0999984741211,3.13,1.1,73.81043243408203,3.9,4.38,0.48
2025-06-23,95.02999877929688,3.12,1.12,73.94917297363281,3.84,4.34,0.5
2025-06-24,92.62000274658203,3.06,1.1,74.15267181396484,3.75,4.3,0.5499999999999998
2025-06-25,91.23999786376953,3.04,1.11,74.1341781616211,3.74,4.29,0.5499999999999998
2025-06-26,89.47000122070312,3.04,1.11,74.3469009399414,3.7,4.26,0.5599999999999996
2025-06-27,87.93000030517578,3.02,1.1,74.30990600585938,3.73,4.29,0.56
2025-06-30,90.26000213623047,2.96,1.08,74.59662628173828,3.72,4.24,0.52
2025-07-01,93.4800033569336,2.91,1.06,74.5027847290039,3.78,4.26,0.48
2025-07-02,91.37000274658203,2.88,1.03,74.64217376708984,3.78,4.3,0.52
2025-07-03,86.08999633789062,2.8,1.01,74.68862915039062,3.88,4.35,0.46999999999999975
2025-07-04,,2.8,1.01,,,,
2025-07-07,88.52999877929688,2.86,1.02,74.43772888183594,3.9,4.4,0.5000000000000004
2025-07-08,88.05000305175781,2.92,1.02,74.33549499511719,3.9,4.42,0.52
2025-07-09,84.30999755859375,2.94,1.04,74.53994750976562,3.86,4.34,0.48
2025-07-10,81.58000183105469,2.92,1.03,74.46561431884766,3.86,4.35,0.48999999999999977
2025-07-11,85.4800033569336,2.97,1.03,74.3726577758789,3.9,4.43,0.5299999999999998
2025-07-14,90.7300033569336,2.95,1.03,74.42842102050781,3.9,4.43,0.5299999999999998
2025-07-15,88.94999694824219,2.95,1.01,74.20539855957031,3.95,4.5,0.5499999999999998
2025-07-16,89.5199966430664,3.0,1.02,74.40055847167969,3.88,4.46,0.5800000000000001
2025-07-17,85.56999969482422,2.91,1.01,74.47489929199219,3.91,4.47,0.5599999999999996
2025-07-18,83.29000091552734,2.93,1.01,74.57711791992188,3.88,4.44,0.5600000000000005
2025-07-21,86.62000274658203,2.89,1.01,74.67936706542969,3.85,4.38,0.5299999999999998
2025-07-22,89.88999938964844,2.9,1.02,74.8094482421875,3.83,4.35,0.5199999999999996
2025-07-23,85.94999694824219,2.83,1.0,74.84661865234375,3.88,4.4,0.5200000000000005
2025-07-24,82.75,2.82,0.99,74.7536849975586,3.91,4.43,0.5199999999999996
2025-07-25,82.08999633789062,2.84,0.99,74.8001480102539,3.91,4.4,0.4900000000000002
2025-07-28,83.7300033569336,2.82,0.98,74.7629623413086,3.91,4.42,0.5099999999999998
2025-07-29,85.06999969482422,2.86,1.0,74.8094482421875,3.86,4.34,0.48
2025-07-30,81.87999725341797,2.89,0.99,74.65147399902344,3.94,4.38,0.43999999999999995
2025-07-31,79.83999633789062,2.86,0.99,74.69792175292969,3.94,4.37,0.43000000000000016
2025-08-01,83.83000183105469,3.13,1.04,74.70166778564453,3.69,4.23,0.5400000000000005
2025-08-04,87.94999694824219,3.02,1.04,74.95384216308594,3.69,4.22,0.5299999999999998
2025-08-05,89.19999694824219,2.98,1.03,74.91647338867188,3.72,4.22,0.49999999999999956
2025-08-06,83.88999938964844,2.98,1.02,74.99119567871094,3.69,4.22,0.5299999999999998
2025-08-07,80.1500015258789,2.95,1.01,74.91647338867188,3.72,4.23,0.5100000000000002
2025-08-08,79.19999694824219,2.94,1.01,74.92582702636719,3.76,4.27,0.5099999999999998
2025-08-11,81.76000213623047,2.94,1.01,74.92582702636719,3.76,4.27,0.5099999999999998
2025-08-12,77.41999816894531,2.93,1.0,75.0939712524414,3.72,4.29,0.5699999999999998
2025-08-13,77.30999755859375,2.9,0.98,75.29010009765625,3.67,4.24,0.5700000000000003
2025-08-14,76.7699966430664,2.89,0.97,75.0939712524414,3.74,4.29,0.5499999999999998
2025-08-15,76.66000366210938,2.88,0.96,75.14997100830078,3.75,4.33,0.5800000000000001
2025-08-18,81.81999969482422,2.88,0.96,75.0939712524414,3.77,4.34,0.5699999999999998
2025-08-19,82.1500015258789,2.9,0.97,75.07526397705078,3.75,4.3,0.5499999999999998
2025-08-20,80.75,2.94,0.98,75.04724884033203,3.74,4.29,0.5499999999999998
2025-08-21,80.5199966430664,2.95,0.98,74.90713500976562,3.79,4.33,0.54
2025-08-22,78.0999984741211,2.88,0.97,75.51424407958984,3.68,4.26,0.5799999999999996
2025-08-25,77.55999755859375,2.8,0.96,75.36481475830078,3.73,4.28,0.5500000000000003
2025-08-26,79.36000061035156,2.78,0.98,75.53294372558594,3.61,4.26,0.6499999999999999
2025-08-27,77.66000366210938,2.78,0.99,75.62633514404297,3.59,4.24,0.6500000000000004
2025-08-28,77.55000305175781,2.75,0.99,75.6636734008789,3.62,4.22,0.5999999999999996
2025-08-29,79.38999938964844,2.82,1.01,75.52359771728516,3.59,4.23,0.6400000000000006
2025-08-31,,2.84,1.02,,,,
2025-09-01,,2.84,1.02,,,,
2025-09-02,85.27999877929688,2.92,1.03,75.44195556640625,3.66,4.28,0.6200000000000001
2025-09-03,89.66999816894531,2.88,1.02,75.6484146118164,3.61,4.22,0.6099999999999999
2025-09-04,88.26000213623047,2.84,1.0,75.85486602783203,3.59,4.17,0.5800000000000001
2025-09-05,85.29000091552734,2.83,1.0,75.89241790771484,3.51,4.1,0.5899999999999999
2025-09-08,84.0,2.84,1.01,75.89241790771484,3.49,4.05,0.5599999999999996
2025-09-09,82.19999694824219,2.87,1.01,75.80794525146484,3.54,4.08,0.54
2025-09-10,79.58000183105469,2.84,1.0,75.86424255371094,3.54,4.04,0.5
2025-09-11,75.06999969482422,2.78,0.98,76.05194091796875,3.52,4.01,0.48999999999999977
2025-09-12,73.37000274658203,2.79,0.97,75.97686767578125,3.56,4.06,0.49999999999999956
2025-09-15,76.87999725341797,2.75,0.95,76.19271850585938,3.54,4.05,0.5099999999999998
2025-09-16,77.08999633789062,2.79,0.96,76.13639831542969,3.51,4.04,0.5300000000000002
2025-09-17,75.94999694824219,2.79,0.96,76.06131744384766,3.52,4.06,0.5399999999999996
2025-09-18,71.91000366210938,2.71,0.94,76.2302474975586,3.57,4.11,0.5400000000000005
2025-09-19,72.51000213623047,2.72,0.93,76.2583999633789,3.57,4.14,0.5699999999999998
2025-09-22,75.80000305175781,2.69,0.93,76.31470489501953,3.61,4.15,0.5400000000000005
2025-09-23,75.66000366210938,2.71,0.94,76.2583999633789,3.53,4.12,0.5900000000000003
2025-09-24,75.12999725341797,2.7,0.95,76.15516662597656,3.57,4.16,0.5900000000000003
2025-09-25,75.44000244140625,2.76,0.96,75.93931579589844,3.64,4.18,0.5399999999999996
2025-09-26,74.37999725341797,2.75,0.95,76.08948516845703,3.63,4.2,0.5700000000000003
2025-09-29,75.51000213623047,2.74,0.94,76.22087097167969,3.63,4.15,0.5200000000000005
2025-09-30,77.93000030517578,2.8,0.97,76.19271850585938,3.6,4.16,0.56
2025-10-01,73.5,2.81,0.97,76.33506774902344,3.55,4.12,0.5700000000000003
2025-10-02,71.20999908447266,2.81,0.96,76.3067855834961,3.55,4.1,0.5499999999999998
2025-10-03,69.52999877929688,2.8,0.95,76.22193145751953,3.58,4.13,0.5499999999999998
2025-10-06,72.98999786376953,2.76,0.94,76.24078369140625,3.6,4.18,0.5799999999999996
2025-10-07,75.43000030517578,2.82,0.95,76.15592956542969,3.57,4.14,0.5699999999999998
2025-10-08,74.87000274658203,2.84,0.95,76.04277801513672,3.58,4.13,0.5499999999999998
2025-10-09,74.12000274658203,2.95,0.98,75.82592010498047,3.6,4.14,0.5399999999999996
2025-10-10,81.6500015258789,3.18,1.02,75.38278198242188,3.52,4.05,0.5299999999999998
2025-10-13,,3.18,1.02,75.85420227050781,,,
2025-10-14,79.94999694824219,3.11,1.02,75.93907165527344,3.48,4.03,0.5500000000000003
2025-10-15,75.11000061035156,2.95,0.99,76.1842269897461,3.5,4.05,0.5499999999999998
2025-10-16,81.2300033569336,3.04,1.01,75.91078186035156,3.41,3.99,0.5800000000000001
2025-10-17,78.62000274658203,3.04,1.01,76.1087875366211,3.46,4.02,0.5599999999999996
2025-10-20,77.22000122070312,2.99,1.0,76.2596435546875,3.46,4.0,0.54
2025-10-21,77.18000030517578,2.97,1.01,76.1465072631836,3.45,3.98,0.5299999999999998
2025-10-22,75.48999786376953,3.01,1.02,76.07105255126953,3.45,3.97,0.52
2025-10-23,74.05000305175781,2.96,1.0,76.24078369140625,3.48,4.01,0.5299999999999998
2025-10-24,68.94000244140625,2.88,0.98,76.44822692871094,3.48,4.02,0.5399999999999996
2025-10-27,66.87000274658203,2.8,0.97,76.63679504394531,3.48,4.01,0.5299999999999998
2025-10-28,67.30000305175781,2.82,0.97,76.56137084960938,3.47,3.99,0.52
2025-10-29,65.75,2.76,0.96,76.3256607055664,3.59,4.08,0.4900000000000002
2025-10-30,66.87999725341797,2.85,0.98,76.1842269897461,3.61,4.11,0.5000000000000004
2025-10-31,66.61000061035156,2.94,1.02,76.1842269897461,3.6,4.11,0.5100000000000002
2025-11-03,67.2300033569336,3.04,1.04,75.9472885131836,3.6,4.13,0.5299999999999998
2025-11-04,68.0199966430664,3.13,1.04,75.95677185058594,3.58,4.1,0.5199999999999996
2025-11-05,72.41999816894531,3.05,1.02,76.03258514404297,3.63,4.17,0.54
2025-11-06,72.44000244140625,3.13,1.04,76.0610122680664,3.57,4.11,0.5400000000000005
2025-11-07,74.41000366210938,3.15,1.06,76.12736511230469,3.55,4.11,0.5600000000000005
2025-11-10,78.86000061035156,3.02,1.05,76.38322448730469,3.58,4.13,0.5499999999999998
2025-11-11,,3.02,1.05,76.4685287475586,,,
2025-11-12,81.12000274658203,3.02,1.05,76.31689453125,3.56,4.08,0.52
2025-11-13,79.0999984741211,3.09,1.06,76.004150390625,3.58,4.11,0.5300000000000002
2025-11-14,79.70999908447266,3.07,1.06,76.02310943603516,3.62,4.14,0.5199999999999996
2025-11-17,82.58000183105469,3.13,1.06,75.89990997314453,3.6,4.13,0.5299999999999998
2025-11-18,83.18000030517578,3.2,1.07,75.91886901855469,3.58,4.12,0.54
2025-11-19,84.31999969482422,3.17,1.07,75.95677185058594,3.58,4.13,0.5499999999999998
2025-11-20,77.80999755859375,3.17,1.08,75.9094009399414,3.55,4.1,0.5499999999999998
2025-11-21,78.80999755859375,3.19,1.09,76.1652603149414,3.51,4.06,0.5499999999999998
2025-11-24,76.81999969482422,3.15,1.08,76.37374114990234,3.46,4.04,0.5800000000000001
2025-11-25,72.81999969482422,3.1,1.07,76.63911437988281,3.43,4.01,0.5799999999999996
2025-11-26,71.9000015258789,3.0,1.05,76.71492767333984,3.45,4.0,0.5499999999999998
2025-11-27,,3.0,1.05,,,,
2025-11-28,68.94999694824219,2.95,1.04,76.75282287597656,3.47,4.02,0.5499999999999994
2025-11-30,,2.92,1.05,,,,
2025-12-01,71.3499984741211,2.94,1.04,76.61477661132812,3.54,4.09,0.5499999999999998
2025-12-02,69.91000366210938,2.92,1.03,76.7575912475586,3.51,4.09,0.5800000000000001
2025-12-03,66.45999908447266,2.89,1.03,76.8242416381836,3.49,4.06,0.5699999999999994
2025-12-04,65.69000244140625,2.88,1.02,76.88136291503906,3.52,4.11,0.5900000000000003
2025-12-05,67.27999877929688,2.85,1.01,76.88136291503906,3.56,4.14,0.5799999999999996
2025-12-08,72.30000305175781,2.89,1.0,76.6909408569336,3.57,4.17,0.6000000000000001
2025-12-09,75.37999725341797,2.89,1.0,76.6052474975586,3.61,4.18,0.5699999999999998
2025-12-10,68.62000274658203,2.91,1.0,76.86231994628906,3.54,4.13,0.5899999999999999
2025-12-11,69.23999786376953,2.88,1.0,76.85279846191406,3.52,4.14,0.6199999999999997
2025-12-12,69.25,2.91,1.01,76.70999908447266,3.52,4.19,0.6700000000000004
2025-12-15,73.30999755859375,2.91,1.02,76.74807739257812,3.51,4.18,0.6699999999999999
2025-12-16,67.13999938964844,2.98,1.03,76.79568481445312,3.48,4.15,0.6700000000000004
2025-12-17,62.7400016784668,2.99,1.03,76.70046997070312,3.49,4.16,0.6699999999999999
2025-12-18,60.0099983215332,2.95,1.03,76.90992736816406,3.46,4.12,0.6600000000000001
2025-12-19,59.40999984741211,2.9,1.02,76.87262725830078,3.48,4.16,0.6800000000000002
2025-12-22,61.70000076293945,2.88,1.02,76.93958282470703,3.44,4.17,0.73
2025-12-23,61.16999816894531,2.83,1.01,76.99696350097656,3.48,4.18,0.6999999999999997
2025-12-24,59.47999954223633,2.84,1.0,77.14045715332031,3.47,4.15,0.6800000000000002
2025-12-26,58.5,2.86,1.0,77.1021957397461,3.46,4.14,0.6799999999999997
2025-12-29,59.209999084472656,2.87,1.0,77.1308822631836,3.45,4.12,0.6699999999999999
2025-12-30,63.97999954223633,2.84,1.01,77.20743560791016,3.45,4.14,0.6899999999999995
2025-12-31,63.959999084472656,2.81,1.01,77.1308822631836,3.47,4.18,0.7099999999999995
2026-01-02,62.36000061035156,2.83,1.01,77.16917419433594,3.47,4.19,0.7200000000000002
2026-01-05,64.70999908447266,2.81,1.01,77.37004852294922,3.46,4.17,0.71
2026-01-06,65.81999969482422,2.79,1.0,77.3891830444336,3.47,4.18,0.7099999999999995
2026-01-07,66.1500015258789,2.79,1.01,77.37004852294922,3.47,4.15,0.6800000000000002
2026-01-08,66.94000244140625,2.76,1.01,77.42744445800781,3.49,4.19,0.7000000000000002
2026-01-09,61.54999923706055,2.74,0.99,77.48484802246094,3.54,4.18,0.6399999999999997
2026-01-12,62.900001525878906,2.74,0.99,77.52310180664062,3.54,4.19,0.6500000000000004
2026-01-13,60.790000915527344,2.75,0.98,77.52310180664062,3.53,4.18,0.6499999999999999
2026-01-14,58.11000061035156,2.76,0.98,77.52310180664062,3.51,4.15,0.6400000000000006
2026-01-15,56.13999938964844,2.71,0.97,77.52310180664062,3.56,4.17,0.6099999999999999
2026-01-16,58.04999923706055,2.65,0.96,77.57093048095703,3.59,4.24,0.6500000000000004
2026-01-19,,2.65,0.96,,,,
2026-01-20,66.66999816894531,2.73,0.96,77.37004852294922,3.6,4.3,0.6999999999999997
2026-01-21,59.560001373291016,2.69,0.95,77.5996322631836,3.6,4.26,0.6599999999999997
2026-01-22,56.5,2.64,0.93,77.65702819824219,3.61,4.26,0.6499999999999999
2026-01-23,56.25,2.68,0.94,77.61875915527344,3.6,4.24,0.6400000000000001
2026-01-26,55.77000045776367,2.69,0.94,77.65702819824219,3.56,4.22,0.6599999999999997
2026-01-27,56.119998931884766,2.71,0.94,77.6474609375,3.53,4.24,0.7100000000000004
2026-01-28,57.43000030517578,2.72,0.93,77.52310180664062,3.56,4.26,0.6999999999999997
2026-01-29,60.72999954223633,2.77,0.94,77.51353454589844,3.53,4.24,0.7100000000000004
2026-01-30,59.20000076293945,2.8,0.94,77.5996322631836,3.52,4.26,0.7399999999999998
2026-01-31,,2.88,0.95,,,,
2026-02-02,59.29999923706055,2.81,0.93,77.64673614501953,3.57,4.29,0.7200000000000002
2026-02-03,57.540000915527344,2.85,0.94,77.59867858886719,3.57,4.28,0.7100000000000004
2026-02-04,57.5099983215332,2.86,0.95,77.5025405883789,3.57,4.29,0.7200000000000002
2026-02-05,62.15999984741211,2.97,0.96,77.41602325439453,3.47,4.21,0.7399999999999998
2026-02-06,63.619998931884766,2.87,0.96,77.6851806640625,3.5,4.22,0.7199999999999998
2026-02-09,62.7400016784668,2.84,0.96,77.79093933105469,3.48,4.22,0.7399999999999998
2026-02-10,64.55000305175781,2.86,0.98,77.71402740478516,3.45,4.16,0.71
2026-02-11,61.349998474121094,2.84,0.98,77.70442199707031,3.52,4.18,0.6599999999999997
2026-02-12,68.56999969482422,2.92,0.99,77.66596221923828,3.47,4.09,0.6199999999999997
2026-02-13,70.0999984741211,2.95,1.0,77.72364807128906,3.4,4.04,0.6400000000000001
2026-02-16,,2.94,1.0,,,,
2026-02-17,68.83999633789062,2.94,1.01,77.6851806640625,3.43,4.05,0.6199999999999997
2026-02-18,64.19000244140625,2.86,0.99,77.78133392333984,3.47,4.09,0.6199999999999997
2026-02-19,68.02999877929688,2.88,0.99,77.81017303466797,3.47,4.08,0.6099999999999999
2026-02-20,64.2699966430664,2.86,0.99,77.86785125732422,3.48,4.08,0.6000000000000001
2026-02-23,68.02999877929688,2.95,1.01,77.74288940429688,3.43,4.03,0.6000000000000001
2026-02-24,65.2699966430664,2.97,1.02,77.6851806640625,3.43,4.04,0.6099999999999999
2026-02-25,62.43000030517578,2.94,1.01,77.79093933105469,3.45,4.05,0.5999999999999996
2026-02-26,63.93000030517578,2.98,1.03,77.72364807128906,3.42,4.02,0.5999999999999996
2026-02-27,73.37999725341797,3.1,1.07,77.59867858886719,3.38,3.97,0.5900000000000003
2026-02-28,,3.12,1.08,,,,
2026-03-02,73.20999908447266,3.03,1.06,77.55422973632812,3.47,4.05,0.5799999999999996
2026-03-03,77.75,3.08,1.06,77.399658203125,3.51,4.06,0.5499999999999998
2026-03-04,70.02999877929688,2.97,1.03,77.67017364501953,3.54,4.09,0.5499999999999998
2026-03-05,74.52999877929688,3.0,1.04,77.36102294921875,3.57,4.13,0.56
2026-03-06,81.26000213623047,3.13,1.06,76.98426818847656,3.56,4.15,0.5900000000000003
2026-03-09,79.73999786376953,3.19,1.07,77.4479751586914,3.56,4.12,0.56
2026-03-10,76.33000183105469,3.06,1.06,77.3223876953125,3.57,4.15,0.5800000000000005
2026-03-11,78.58999633789062,3.09,1.09,77.14849090576172,3.64,4.21,0.5699999999999998
2026-03-12,95.30000305175781,3.17,1.12,76.65580749511719,3.76,4.27,0.5099999999999998
2026-03-13,91.16999816894531,3.28,1.15,76.51090240478516,3.73,4.28,0.5500000000000003
2026-03-16,85.25,3.27,1.16,76.75241088867188,3.68,4.23,0.5500000000000003
2026-03-17,79.2300033569336,3.22,1.14,77.10018157958984,3.68,4.2,0.52
2026-03-18,81.25,3.2,1.13,76.70411682128906,3.76,4.26,0.5
2026-03-19,84.87999725341797,3.27,1.13,76.95529174804688,3.79,4.25,0.45999999999999996
2026-03-20,108.83999633789062,3.24,1.11,76.24040985107422,3.88,4.39,0.5099999999999998
2026-03-23,98.1500015258789,3.19,1.11,76.74275970458984,3.83,4.34,0.5099999999999998
2026-03-24,103.01000213623047,3.19,1.09,76.48193359375,3.9,4.39,0.48999999999999977
2026-03-25,97.58999633789062,3.17,1.09,76.72343444824219,3.84,4.33,0.4900000000000002
2026-03-26,115.0199966430664,3.21,1.11,76.24040985107422,3.96,4.42,0.45999999999999996
2026-03-27,111.94999694824219,3.42,1.14,76.04719543457031,3.88,4.44,0.5600000000000005
2026-03-30,108.33000183105469,3.46,1.16,76.13414001464844,3.82,4.35,0.5299999999999998
2026-03-31,96.05000305175781,3.28,1.13,76.85868072509766,3.79,4.3,0.5099999999999998
2026-04-01,90.19000244140625,3.16,1.1,77.04701232910156,3.81,4.33,0.52
2026-04-02,84.41000366210938,3.17,1.09,77.23143768310547,3.79,4.31,0.5199999999999996
2026-04-03,,3.13,1.09,,3.84,4.35,0.5099999999999998
2026-04-06,81.68000030517578,3.05,1.07,77.36734771728516,3.84,4.34,0.5
2026-04-07,83.1500015258789,3.12,1.08,77.38675689697266,3.81,4.33,0.52
2026-04-08,78.73999786376953,2.94,1.05,77.84300231933594,3.79,4.29,0.5
2026-04-09,74.01000213623047,2.9,1.05,77.93036651611328,3.78,4.29,0.5100000000000002
2026-04-10,72.1500015258789,2.94,1.04,77.61973571777344,3.81,4.31,0.49999999999999956
2026-04-13,74.41999816894531,2.95,1.04,77.91095733642578,3.78,4.3,0.52
2026-04-14,74.3499984741211,2.84,1.02,78.14392852783203,3.76,4.26,0.5
2026-04-15,67.94000244140625,2.85,1.01,78.10509490966797,3.76,4.29,0.5300000000000002
2026-04-16,65.88999938964844,2.86,1.01,77.99832153320312,3.78,4.32,0.5400000000000005
2026-04-17,65.69999694824219,2.83,1.01,78.28954315185547,3.71,4.26,0.5499999999999998
2026-04-20,67.9000015258789,2.87,1.01,78.22158813476562,3.72,4.26,0.5399999999999996
2026-04-21,70.77999877929688,2.85,1.0,78.01773834228516,3.78,4.3,0.52
2026-04-22,69.87999725341797,2.84,0.99,78.14392852783203,3.79,4.3,0.5099999999999998
2026-04-23,67.69999694824219,2.86,1.0,78.01773834228516,3.83,4.34,0.5099999999999998
2026-04-24,66.97000122070312,2.86,1.0,78.12452697753906,3.78,4.31,0.5299999999999998
2026-04-27,68.41999816894531,2.84,1.01,78.15364074707031,3.78,4.35,0.5699999999999998
2026-04-28,68.68000030517578,2.85,1.02,78.04686737060547,3.84,4.36,0.5200000000000005
2026-04-29,74.33000183105469,2.82,1.01,77.78475952148438,3.92,4.42,0.5
2026-04-30,72.06999969482422,2.83,1.02,78.0274429321289,3.88,4.4,0.5200000000000005
2026-05-01,70.41000366210938,2.77,1.01,78.1240463256836,3.88,4.39,0.5099999999999998
2026-05-04,77.86000061035156,2.78,1.01,77.8703384399414,3.95,4.45,0.5
2026-05-05,76.77999877929688,2.77,0.99,77.98743438720703,3.93,4.43,0.49999999999999956
2026-05-06,70.62999725341797,2.75,0.99,78.22163391113281,3.87,4.36,0.4900000000000002
2026-05-07,72.23999786376953,2.79,0.99,77.92887878417969,3.92,4.41,0.4900000000000002
2026-05-08,67.25,2.81,0.99,78.20211029052734,3.9,4.38,0.48
2026-05-11,70.73999786376953,2.79,0.98,78.04597473144531,3.95,4.42,0.46999999999999975
2026-05-12,71.68000030517578,2.82,0.97,77.93863677978516,4.0,4.46,0.45999999999999996
2026-05-13,70.23999786376953,2.82,0.96,77.97767639160156,3.98,4.46,0.48
2026-05-14,69.62999725341797,2.76,0.95,77.91912841796875,4.0,4.47,0.46999999999999975
2026-05-15,79.87000274658203,2.8,0.94,77.5385513305664,4.09,4.59,0.5
2026-05-18,86.06999969482422,2.83,0.94,77.61662292480469,4.07,4.61,0.54
2026-05-19,85.31999969482422,2.86,0.95,77.43121337890625,4.13,4.67,0.54
2026-05-20,81.52999877929688,2.8,0.95,77.92887878417969,4.04,4.57,0.5300000000000002
2026-05-21,79.72000122070312,2.78,0.94,77.9679183959961,4.08,4.57,0.4900000000000002
2026-05-22,78.43000030517578,2.74,0.93,77.97767639160156,4.13,4.56,0.4299999999999997
2026-05-25,,2.74,0.93,,,,
2026-05-26,74.94999694824219,2.72,0.93,78.24114227294922,4.01,4.5,0.4900000000000002
2026-05-27,70.9000015258789,2.71,0.93,78.19234466552734,4.0,4.48,0.4800000000000004
2026-05-28,69.73999786376953,2.72,0.93,78.2899398803711,3.99,4.45,0.45999999999999996
2026-05-29,70.22000122070312,2.72,0.92,78.36800384521484,3.98,4.45,0.4700000000000002
2026-05-31,,2.74,0.93,,,,
2026-06-01,73.33000183105469,2.72,0.92,78.30816650390625,4.05,4.47,0.41999999999999993
2026-06-02,73.43000030517578,2.71,0.92,78.36701965332031,4.05,4.46,0.41000000000000014
2026-06-03,73.58000183105469,2.75,0.93,78.1512451171875,4.08,4.49,0.41000000000000014
2026-06-04,71.16000366210938,2.74,0.93,78.2983627319336,4.05,4.47,0.41999999999999993
2026-06-05,75.19999694824219,2.76,0.93,77.90604400634766,4.17,4.55,0.3799999999999999
2026-06-08,76.9800033569336,2.75,0.93,78.01393127441406,4.15,4.56,0.40999999999999925
2026-06-09,77.02999877929688,2.78,0.93,78.09239196777344,4.13,4.53,0.40000000000000036
2026-06-10,73.94999694824219,2.8,0.94,77.94525909423828,4.13,4.55,0.41999999999999993
2026-06-11,69.44999694824219,2.78,0.94,78.40625762939453,4.05,4.45,0.40000000000000036
2026-06-12,69.36000061035156,2.71,0.93,78.40625762939453,4.09,4.48,0.39000000000000057
2026-06-15,69.37999725341797,2.66,0.92,78.50434112548828,4.07,4.47,0.39999999999999947
2026-06-16,67.27999877929688,2.71,0.93,78.49452209472656,4.05,4.43,0.3799999999999999
2026-06-17,70.66000366210938,2.63,0.92,78.20027923583984,4.2,4.49,0.29000000000000004
2026-06-18,65.38999938964844,2.66,0.93,78.47491455078125,4.19,4.46,0.2699999999999996
2026-06-19,,2.66,0.93,,,,
2026-06-22,70.0199966430664,2.65,0.93,78.40625762939453,4.24,4.51,0.2699999999999996
2026-06-23,68.77999877929688,2.71,0.93,78.33759307861328,4.16,4.5,0.33999999999999986
2026-06-24,69.05999755859375,2.76,0.94,78.31797790527344,4.11,4.41,0.2999999999999998
2026-06-25,67.0999984741211,2.78,0.95,78.34739685058594,4.09,4.4,0.3100000000000005
2026-06-26,66.79000091552734,2.83,0.96,78.2983627319336,4.07,4.38,0.3099999999999996
2026-06-29,68.13999938964844,2.8,0.95,78.47491455078125,4.1,4.38,0.28000000000000025
2026-06-30,71.95999908447266,2.75,0.95,78.4356689453125,4.14,4.44,0.3000000000000007
2026-07-01,68.55999755859375,2.74,0.94,78.42483520507812,4.17,4.48,0.3100000000000005
2026-07-02,65.4000015258789,2.75,0.94,78.54307556152344,4.14,4.49,0.35000000000000053
2026-07-03,,2.74,0.94,,,,
2026-07-06,65.76000213623047,2.72,0.94,78.70073699951172,4.13,4.48,0.35000000000000053
2026-07-07,70.25,2.67,0.94,78.59234619140625,4.19,4.55,0.35999999999999943
2026-07-08,72.41000366210938,2.7,0.94,78.49382019042969,4.21,4.56,0.34999999999999964
2026-07-09,68.88999938964844,2.7,0.94,78.5824966430664,4.16,4.54,0.3799999999999999
2026-07-10,69.55000305175781,2.69,0.96,78.54307556152344,4.21,4.56,0.34999999999999964
2026-07-13,77.7699966430664,2.69,0.96,78.3558578491211,4.26,4.62,0.3600000000000003
2026-07-14,75.02999877929688,2.72,0.97,78.5135269165039,4.18,4.58,0.40000000000000036
2026-07-15,68.4800033569336,2.71,0.97,78.64161682128906,4.13,4.55,0.41999999999999993
2026-07-16,68.16000366210938,2.71,0.96,78.63176727294922,4.16,4.57,0.41000000000000014
2026-07-17,70.87999725341797,2.73,0.97,78.48396301269531,4.18,4.55,0.3700000000000001
2026-07-20,72.66000366210938,2.69,0.97,78.5135269165039,4.21,4.6,0.3899999999999997
2026-07-21,74.66999816894531,2.69,0.97,78.48396301269531,4.26,4.63,0.3700000000000001
2026-07-22,76.30999755859375,2.68,0.96,78.3558578491211,4.31,4.67,0.3600000000000003
2026-07-23,80.08000183105469,2.77,0.98,78.07011413574219,4.37,4.71,0.33999999999999986
2026-07-24,76.81999969482422,2.79,0.99,78.07011413574219,4.33,4.69,0.3600000000000003
2026-07-27,77.20999908447266,2.81,1.0,78.1095199584961,4.31,4.65,0.34000000000000075
2026-07-28,76.08999633789062,2.84,1.0,78.25732421875,4.26,4.61,0.35000000000000053
2026-07-29,74.18000030517578,2.87,1.0,78.0799560546875,4.22,4.67,0.4500000000000002
2026-07-30,77.08999633789062,2.84,0.99,78.30658721923828,4.23,4.68,0.4499999999999993
2026-07-31,83.0199966430664,2.85,0.99,78.31645202636719,4.28,4.75,0.46999999999999975
2026-08-03,80.4800033569336,2.78,0.97,78.52833557128906,4.25,4.7,0.4500000000000002
2026-08-04,77.55999755859375,2.73,0.97,78.76597595214844,4.2,4.63,0.4299999999999997
2026-08-05,73.58000183105469,2.75,0.96,78.73626708984375,4.18,4.63,0.4500000000000002
2026-08-06,76.12000274658203,2.71,0.97,78.6768569946289,4.25,4.69,0.4400000000000004
2026-08-07,72.02999877929688,2.7,0.97,78.82538604736328,4.19,4.65,0.45999999999999996
2026-08-10,75.45999908447266,2.7,0.97,78.69667053222656,4.25,4.72,0.46999999999999975
2026-08-11,77.91999816894531,2.72,0.98,78.72637176513672,4.22,4.7,0.4800000000000004
2026-08-12,72.08999633789062,2.71,0.98,78.82538604736328,4.2,4.68,0.47999999999999954
2026-08-13,69.2300033569336,2.71,0.98,79.00361633300781,4.15,4.63,0.47999999999999954
2026-08-14,69.58000183105469,2.67,0.98,78.92440032958984,4.17,4.68,0.5099999999999998
2026-08-17,75.62999725341797,2.7,0.99,78.82538604736328,4.19,4.72,0.5299999999999994
2026-08-18,74.9800033569336,2.75,1.0,78.74617767333984,4.19,4.71,0.5199999999999996
2026-08-19,71.26000213623047,2.73,1.0,78.92440032958984,4.19,4.65,0.45999999999999996
2026-08-20,73.18000030517578,2.75,1.0,78.77587127685547,4.19,4.69,0.5
2026-08-21,73.4000015258789,2.7,1.0,78.82538604736328,4.24,4.74,0.5
2026-08-24,73.9800033569336,2.69,1.0,78.91449737548828,4.24,4.7,0.45999999999999996
2026-08-25,71.91999816894531,2.7,1.0,79.13232421875,4.17,4.64,0.46999999999999975
2026-08-26,69.44000244140625,2.67,0.99,79.1125259399414,4.19,4.66,0.46999999999999975
2026-08-27,69.86000061035156,2.63,0.98,79.08282470703125,4.2,4.67,0.46999999999999975
2026-08-28,70.97000122070312,2.6,0.97,78.9541015625,4.34,4.73,0.39000000000000057
2026-08-31,75.31999969482422,2.63,0.98,79.02340698242188,4.34,4.75,0.41000000000000014
2026-09-01,77.87999725341797,2.65,0.99,78.74962615966797,4.39,4.79,0.40000000000000036
2026-09-02,79.70999908447266,2.66,0.99,78.75958251953125,4.39,4.79,0.40000000000000036
2026-09-03,74.68000030517578,2.65,1.0,78.85913848876953,4.34,4.77,0.4299999999999997
2026-09-04,73.0999984741211,2.68,0.99,78.80936431884766,4.37,4.78,0.41000000000000014
2026-09-07,,2.68,0.99,,,,
2026-09-08,76.13999938964844,2.67,0.99,78.76954650878906,4.39,4.8,0.41000000000000014
2026-09-09,76.73999786376953,2.71,0.99,78.63016510009766,4.43,4.83,0.40000000000000036
2026-09-10,82.08999633789062,2.7,0.98,78.27175903320312,4.56,4.95,0.39000000000000057
2026-09-11,82.20999908447266,2.65,0.97,78.25184631347656,4.63,4.96,0.33000000000000007
2026-09-14,83.9000015258789,2.71,0.98,78.1821517944336,4.65,4.97,0.3199999999999994
2026-09-15,83.70999908447266,2.76,0.98,78.0328140258789,4.67,5.0,0.33000000000000007
2026-09-16,80.7300033569336,2.7,0.96,78.07263946533203,4.74,5.01,0.2699999999999996
2026-09-17,76.22000122070312,2.7,0.95,78.3713150024414,4.67,4.94,0.27000000000000046
2026-09-18,80.63999938964844,2.68,0.94,78.1821517944336,4.76,5.01,0.25
2026-09-21,81.19999694824219,2.66,0.95,78.33148956298828,4.76,4.96,0.20000000000000018
2026-09-22,78.55999755859375,2.68,0.95,78.321533203125,4.71,4.96,0.25
2026-09-23,95.44999694824219,2.73,0.95,77.75405883789062,4.85,5.11,0.2600000000000007
2026-09-24,104.58000183105469,2.8,0.97,77.54499053955078,4.87,5.18,0.3099999999999996
2026-09-25,96.0,2.93,0.99,77.51512145996094,4.81,5.17,0.3600000000000003
2026-09-28,101.81999969482422,3.02,1.02,77.19654083251953,4.92,5.24,0.3200000000000003
2026-09-29,106.5999984741211,3.08,1.02,77.017333984375,4.89,5.26,0.3700000000000001
2026-09-30,110.44999694824219,3.12,1.03,76.86800384521484,4.88,5.29,0.41000000000000014
2026-10-01,108.12999725341797,3.24,1.06,76.9000015258789,4.78,5.24,0.45999999999999996
2026-10-02,107.29000091552734,3.1,1.04,76.91000366210938,4.83,5.28,0.4500000000000002
2026-10-05,113.5999984741211,3.12,1.04,76.9800033569336,4.84,5.31,0.46999999999999975
2026-10-06,105.19999694824219,3.03,1.02,77.2699966430664,4.79,5.27,0.47999999999999954
2026-10-07,102.55719757080078,,,77.18000030517578,,,
