date,MOVE,HY_OAS,BBB_OAS,HYG,Y2,Y10,SPREAD
2024-11-07,104.08000183105469,2.73,0.99,72.6844711303711,4.21,4.31,0.09999999999999964
2024-11-08,99.8499984741211,2.63,0.98,72.80309295654297,4.26,4.3,0.040000000000000036
2024-11-11,,2.63,0.98,72.72097778320312,,,
2024-11-12,108.55000305175781,2.61,0.97,72.42903137207031,4.34,4.43,0.08999999999999986
2024-11-13,102.08000183105469,2.64,0.99,72.44729614257812,4.27,4.44,0.17000000000000082
2024-11-14,99.43000030517578,2.6,1.0,72.29218292236328,4.34,4.43,0.08999999999999986
2024-11-15,102.47000122070312,2.72,1.01,72.28307342529297,4.31,4.43,0.1200000000000001
2024-11-18,102.01000213623047,2.72,1.0,72.419921875,4.29,4.42,0.1299999999999999
2024-11-19,105.12000274658203,2.69,1.0,72.5293960571289,4.27,4.39,0.1200000000000001
2024-11-20,106.69000244140625,2.67,1.01,72.51114654541016,4.31,4.41,0.10000000000000053
2024-11-21,101.9000015258789,2.61,1.01,72.53851318359375,4.34,4.43,0.08999999999999986
2024-11-22,99.13999938964844,2.61,1.0,72.520263671875,4.37,4.41,0.040000000000000036
2024-11-25,99.95999908447266,2.64,1.0,72.79393768310547,4.21,4.27,0.05999999999999961
2024-11-26,99.18000030517578,2.68,1.01,72.6571044921875,4.21,4.3,0.08999999999999986
2024-11-27,97.73999786376953,2.69,1.02,72.87606811523438,4.19,4.25,0.05999999999999961
2024-11-28,,2.69,1.02,,,,
2024-11-29,95.22000122070312,2.72,1.02,73.02203369140625,4.13,4.18,0.04999999999999982
2024-11-30,,2.74,1.03,,,,
2024-12-02,97.80999755859375,2.68,1.01,72.99546813964844,4.17,4.19,0.020000000000000462
2024-12-03,95.5999984741211,2.66,1.0,72.99546813964844,4.17,4.23,0.0600000000000005
2024-12-04,92.25,2.66,1.01,73.16960144042969,4.13,4.19,0.0600000000000005
2024-12-05,91.4800033569336,2.66,1.01,73.10542297363281,4.15,4.17,0.019999999999999574
2024-12-06,83.19999694824219,2.67,1.02,73.22457122802734,4.1,4.15,0.05000000000000071
2024-12-09,85.62999725341797,2.67,1.01,73.13294219970703,4.13,4.2,0.07000000000000028
2024-12-10,90.0999984741211,2.67,1.0,73.16960144042969,4.15,4.22,0.0699999999999994
2024-12-11,82.4000015258789,2.64,0.98,73.18793487548828,4.15,4.26,0.10999999999999943
2024-12-12,82.66000366210938,2.66,0.99,72.98629760742188,4.18,4.32,0.14000000000000057
2024-12-13,85.66000366210938,2.68,0.98,72.77552032470703,4.25,4.4,0.15000000000000036
2024-12-16,90.87999725341797,2.69,0.98,72.9129867553711,4.25,4.39,0.13999999999999968
2024-12-17,90.41999816894531,2.75,0.99,72.7571792602539,4.25,4.4,0.15000000000000036
2024-12-18,87.20999908447266,2.73,0.98,72.01010131835938,4.35,4.5,0.15000000000000036
2024-12-19,90.41000366210938,2.91,1.02,71.9364013671875,4.32,4.57,0.25
2024-12-20,91.75,2.86,1.02,72.38780975341797,4.3,4.52,0.21999999999999975
2024-12-23,95.8499984741211,2.85,1.02,72.19434356689453,4.3,4.59,0.29000000000000004
2024-12-24,96.94999694824219,2.86,1.01,72.42463684082031,4.29,4.59,0.2999999999999998
2024-12-26,95.19999694824219,2.86,1.0,72.60887908935547,4.3,4.58,0.28000000000000025
2024-12-27,94.80000305175781,2.84,1.0,72.36015319824219,4.31,4.62,0.3100000000000005
2024-12-30,99.08000183105469,2.94,1.01,72.46147918701172,4.24,4.55,0.3099999999999996
2024-12-31,98.80000305175781,2.92,1.02,72.45227813720703,4.25,4.58,0.33000000000000007
2025-01-02,96.66999816894531,2.88,1.02,72.62728881835938,4.25,4.57,0.3200000000000003
2025-01-03,93.3499984741211,2.81,1.02,72.73785400390625,4.28,4.6,0.3199999999999994
2025-01-06,97.88999938964844,2.76,1.03,72.86681365966797,4.28,4.62,0.33999999999999986
2025-01-07,102.77999877929688,2.79,1.04,72.62728881835938,4.3,4.67,0.3700000000000001
2025-01-08,100.76000213623047,2.84,1.03,72.71943664550781,4.28,4.67,0.3899999999999997
2025-01-09,,2.82,1.03,,4.27,4.68,0.41000000000000014
2025-01-10,96.56999969482422,2.81,1.03,72.34172821044922,4.4,4.77,0.3699999999999992
2025-01-13,103.51000213623047,2.85,1.04,72.32331848144531,4.4,4.79,0.3899999999999997
2025-01-14,101.98999786376953,2.8,1.04,72.41544342041016,4.37,4.78,0.41000000000000014
2025-01-15,93.0999984741211,2.72,1.03,73.05105590820312,4.27,4.66,0.39000000000000057
2025-01-16,92.72000122070312,2.73,1.03,73.13396453857422,4.23,4.61,0.3799999999999999
2025-01-17,95.5999984741211,2.64,1.02,73.19845581054688,4.27,4.61,0.34000000000000075
2025-01-20,,2.64,1.02,,,,
2025-01-21,96.77999877929688,2.61,1.02,73.39187622070312,4.29,4.57,0.28000000000000025
2025-01-22,89.9000015258789,2.59,1.01,73.29057312011719,4.29,4.6,0.3099999999999996
2025-01-23,88.51000213623047,2.61,1.0,73.38268280029297,4.29,4.65,0.3600000000000003
2025-01-24,86.75,2.6,1.0,73.465576171875,4.27,4.63,0.3600000000000003
2025-01-27,95.05000305175781,2.66,1.01,73.52085876464844,4.17,4.53,0.3600000000000003
2025-01-28,92.83000183105469,2.66,1.0,73.49322509765625,4.19,4.55,0.35999999999999943
2025-01-29,90.7300033569336,2.68,1.01,73.44717407226562,4.21,4.55,0.33999999999999986
2025-01-30,90.54000091552734,2.67,1.01,73.58534240722656,4.18,4.52,0.33999999999999986
2025-01-31,91.76000213623047,2.68,1.02,73.43794250488281,4.22,4.58,0.3600000000000003
2025-02-03,94.1500015258789,2.73,1.03,73.34542083740234,4.26,4.54,0.28000000000000025
2025-02-04,90.27999877929688,2.71,1.03,73.57677459716797,4.21,4.52,0.3099999999999996
2025-02-05,94.68000030517578,2.69,1.03,73.77110290527344,4.17,4.43,0.2599999999999998
2025-02-06,93.9000015258789,2.66,1.04,73.6600570678711,4.21,4.45,0.2400000000000002
2025-02-07,93.12999725341797,2.67,1.04,73.42870330810547,4.29,4.49,0.20000000000000018
2025-02-10,87.68000030517578,2.66,1.04,73.57677459716797,4.28,4.51,0.22999999999999954
2025-02-11,85.58000183105469,2.66,1.03,73.54900360107422,4.29,4.54,0.25
2025-02-12,86.58000183105469,2.65,1.01,73.39168548583984,4.36,4.62,0.2599999999999998
2025-02-13,84.56999969482422,2.65,1.0,73.7248306274414,4.31,4.52,0.20999999999999996
2025-02-14,84.66999816894531,2.62,1.0,73.80810546875,4.26,4.47,0.20999999999999996
2025-02-17,,2.62,1.0,,,,
2025-02-18,84.51000213623047,2.62,0.98,73.74333190917969,4.29,4.55,0.2599999999999998
2025-02-19,83.86000061035156,2.68,0.99,73.79884338378906,4.28,4.53,0.25
2025-02-20,86.26000213623047,2.66,0.99,73.84512329101562,4.28,4.5,0.21999999999999975
2025-02-21,91.83000183105469,2.78,1.01,73.70630645751953,4.19,4.42,0.22999999999999954
2025-02-24,88.44000244140625,2.78,1.01,73.79884338378906,4.13,4.4,0.27000000000000046
2025-02-25,96.61000061035156,2.84,1.03,73.98394012451172,4.07,4.3,0.22999999999999954
2025-02-26,97.5199966430664,2.81,1.04,74.08570098876953,4.05,4.25,0.20000000000000018
2025-02-27,96.2699966430664,2.81,1.05,73.9469223022461,4.07,4.29,0.21999999999999975
2025-02-28,104.45999908447266,2.87,1.09,74.1504898071289,3.99,4.24,0.25
2025-03-03,105.6500015258789,2.94,1.1,73.99616241455078,3.96,4.16,0.20000000000000018
2025-03-04,108.87000274658203,2.99,1.11,73.98686981201172,3.96,4.22,0.2599999999999998
2025-03-05,104.31999969482422,2.88,1.08,74.0240707397461,3.99,4.28,0.29000000000000004
2025-03-06,108.94999694824219,2.99,1.09,73.7451400756836,3.96,4.29,0.33000000000000007
2025-03-07,104.41000366210938,2.97,1.1,73.8659896850586,3.99,4.32,0.33000000000000007
2025-03-10,112.5,3.16,1.13,73.58708953857422,3.89,4.22,0.3299999999999996
2025-03-11,114.5999984741211,3.22,1.16,73.32676696777344,3.94,4.28,0.3400000000000003
2025-03-12,104.11000061035156,3.2,1.17,73.41043853759766,4.01,4.32,0.3100000000000005
2025-03-13,106.19000244140625,3.4,1.2,73.0013656616211,3.94,4.27,0.3299999999999996
2025-03-14,101.01000213623047,3.25,1.16,73.33606719970703,4.02,4.31,0.29000000000000004
2025-03-17,99.77999877929688,3.18,1.15,73.51271057128906,4.06,4.31,0.25
2025-03-18,96.68000030517578,3.23,1.15,73.38253784179688,4.04,4.29,0.25
2025-03-19,91.4000015258789,3.19,1.13,73.8659896850586,3.99,4.25,0.2599999999999998
2025-03-20,95.73999786376953,3.17,1.13,73.76373291015625,3.95,4.24,0.29000000000000004
2025-03-21,94.54000091552734,3.21,1.14,73.65216827392578,3.94,4.25,0.31000000000000005
2025-03-24,95.22000122070312,3.05,1.12,73.8659896850586,4.04,4.34,0.2999999999999998
2025-03-25,93.56999969482422,3.09,1.12,73.82881927490234,3.96,4.31,0.34999999999999964
2025-03-26,91.41000366210938,3.19,1.13,73.53130340576172,3.98,4.35,0.36999999999999966
2025-03-27,91.02999877929688,3.27,1.14,73.39183807373047,3.97,4.38,0.4099999999999997
2025-03-28,96.83000183105469,3.47,1.17,73.26168823242188,3.89,4.27,0.37999999999999945
2025-03-31,101.3499984741211,3.55,1.2,73.34536743164062,3.89,4.23,0.3400000000000003
2025-04-01,104.7300033569336,3.5,1.21,73.5154037475586,3.87,4.17,0.2999999999999998
2025-04-02,106.38999938964844,3.42,1.19,73.66485595703125,3.91,4.2,0.29000000000000004
2025-04-03,112.0,4.01,1.3,72.74931335449219,3.71,4.06,0.34999999999999964
2025-04-04,125.70999908447266,4.45,1.41,71.71232604980469,3.68,4.01,0.3299999999999996
2025-04-07,137.3000030517578,4.61,1.48,71.09571838378906,3.73,4.15,0.4200000000000004
2025-04-08,139.8800048828125,4.57,1.46,70.76872253417969,3.71,4.26,0.5499999999999998
2025-04-09,128.8300018310547,4.37,1.49,72.66523742675781,3.91,4.34,0.4299999999999997
2025-04-10,128.35000610351562,4.42,1.46,71.4787368774414,3.84,4.4,0.5600000000000005
2025-04-11,137.25999450683594,4.26,1.46,71.69363403320312,3.96,4.48,0.5200000000000005
2025-04-14,132.4600067138672,4.14,1.43,72.04864501953125,3.84,4.38,0.54
2025-04-15,122.55999755859375,4.09,1.42,72.24481964111328,3.84,4.35,0.5099999999999998
2025-04-16,119.4000015258789,4.16,1.41,72.23548889160156,3.77,4.29,0.52
2025-04-17,114.63999938964844,4.02,1.39,72.6558837890625,3.81,4.34,0.5299999999999998
2025-04-21,128.55999755859375,4.16,1.4,72.22614288330078,3.75,4.42,0.6699999999999999
2025-04-22,118.3499984741211,3.99,1.39,72.50640106201172,3.76,4.41,0.6500000000000004
2025-04-23,116.5999984741211,3.75,1.35,72.87075805664062,3.81,4.4,0.5900000000000003
2025-04-24,108.27999877929688,3.73,1.33,73.52473449707031,3.77,4.32,0.5500000000000003
2025-04-25,105.79000091552734,3.67,1.31,73.59012603759766,3.74,4.29,0.5499999999999998
2025-04-28,110.01000213623047,3.73,1.31,73.62749481201172,3.67,4.23,0.5600000000000005
2025-04-29,112.2699966430664,3.74,1.33,73.8237075805664,3.65,4.19,0.5400000000000005
2025-04-30,112.4800033569336,3.94,1.37,73.43131256103516,3.6,4.17,0.5699999999999998
2025-05-01,107.33000183105469,3.78,1.38,73.52615356445312,3.7,4.25,0.5499999999999998
2025-05-02,101.4000015258789,3.6,1.34,73.75152587890625,3.83,4.33,0.5
2025-05-05,104.44999694824219,3.6,1.33,73.72335052490234,3.83,4.36,0.5300000000000002
2025-05-06,106.18000030517578,3.66,1.33,73.6670150756836,3.78,4.3,0.52
2025-05-07,99.87000274658203,3.67,1.32,73.73274230957031,3.78,4.26,0.48
2025-05-08,98.66000366210938,3.51,1.29,73.71395874023438,3.9,4.37,0.4700000000000002
2025-05-09,100.4000015258789,3.53,1.29,73.76091003417969,3.88,4.37,0.4900000000000002
2025-05-12,102.9000015258789,3.15,1.22,74.49335479736328,3.98,4.45,0.4700000000000002
2025-05-13,100.12999725341797,3.09,1.19,74.62483215332031,4.02,4.49,0.47000000000000064
2025-05-14,100.7300033569336,3.1,1.18,74.35250091552734,4.05,4.53,0.4800000000000004
2025-05-15,98.6500015258789,3.2,1.19,74.49335479736328,3.96,4.45,0.4900000000000002
2025-05-16,96.69999694824219,3.16,1.17,74.57787322998047,3.98,4.43,0.44999999999999973
2025-05-19,103.80999755859375,3.21,1.16,74.5403060913086,3.97,4.46,0.48999999999999977
2025-05-20,101.37000274658203,3.2,1.15,74.50274658203125,3.97,4.48,0.5100000000000002
2025-05-21,102.0999984741211,3.25,1.15,74.00505065917969,4.0,4.58,0.5800000000000001
2025-05-22,99.47000122070312,3.32,1.16,74.15531158447266,4.0,4.54,0.54
2025-05-23,100.91000366210938,3.4,1.18,74.13652038574219,4.0,4.51,0.5099999999999998
2025-05-26,,3.4,1.18,,,,
2025-05-27,97.93000030517578,3.24,1.15,74.5872573852539,3.92,4.43,0.5099999999999998
2025-05-28,93.19999694824219,3.23,1.14,74.5403060913086,3.96,4.47,0.5099999999999998
2025-05-29,92.66999816894531,3.22,1.14,74.65299224853516,3.92,4.43,0.5099999999999998
2025-05-30,92.11000061035156,3.31,1.15,74.7187271118164,3.89,4.41,0.52
2025-05-31,,3.32,1.16,,,,
2025-06-02,95.76000213623047,3.27,1.15,74.70549774169922,3.94,4.46,0.52
2025-06-03,100.0,3.19,1.12,74.84703826904297,3.96,4.46,0.5
2025-06-04,96.9800033569336,3.23,1.12,74.98857116699219,3.87,4.37,0.5
2025-06-05,94.6500015258789,3.18,1.12,74.82817077636719,3.92,4.4,0.4800000000000004
2025-06-06,89.6500015258789,3.09,1.1,74.81873321533203,4.04,4.51,0.46999999999999975
2025-06-09,92.62000274658203,3.12,1.09,74.85647583007812,4.01,4.49,0.4800000000000004
2025-06-10,91.22000122070312,3.12,1.09,75.0357437133789,4.01,4.47,0.45999999999999996
2025-06-11,89.36000061035156,3.12,1.09,75.01686096191406,3.94,4.41,0.4700000000000002
2025-06-12,88.98999786376953,3.17,1.1,75.1017837524414,3.9,4.36,0.4600000000000004
2025-06-13,95.30999755859375,3.18,1.1,74.87535095214844,3.96,4.41,0.4500000000000002
2025-06-16,93.4800033569336,3.1,1.08,75.02629089355469,3.97,4.46,0.48999999999999977
2025-06-17,97.18000030517578,3.17,1.1,74.94137573242188,3.94,4.39,0.44999999999999973
2025-06-18,93.63999938964844,3.16,1.1,75.05460357666016,3.94,4.38,0.43999999999999995
2025-06-19,,3.16,1.1,,,,
2025-06-20,90.0999984741211,3.13,1.1,75.29048919677734,3.9,4.38,0.48
2025-06-23,95.02999877929688,3.12,1.12,75.43199920654297,3.84,4.34,0.5
2025-06-24,92.62000274658203,3.06,1.1,75.63957214355469,3.75,4.3,0.5499999999999998
2025-06-25,91.23999786376953,3.04,1.11,75.62068939208984,3.74,4.29,0.5499999999999998
2025-06-26,89.47000122070312,3.04,1.11,75.83769989013672,3.7,4.26,0.5599999999999996
2025-06-27,87.93000030517578,3.02,1.1,75.79995727539062,3.73,4.29,0.56
2025-06-30,90.26000213623047,2.96,1.08,76.09245300292969,3.72,4.24,0.52
2025-07-01,93.4800033569336,2.91,1.06,75.99668884277344,3.78,4.26,0.48
2025-07-02,91.37000274658203,2.88,1.03,76.1388931274414,3.78,4.3,0.52
2025-07-03,86.08999633789062,2.8,1.01,76.1863021850586,3.88,4.35,0.46999999999999975
2025-07-04,,2.8,1.01,,,,
2025-07-07,88.52999877929688,2.86,1.02,75.93034362792969,3.9,4.4,0.5000000000000004
2025-07-08,88.05000305175781,2.92,1.02,75.82606506347656,3.9,4.42,0.52
2025-07-09,84.30999755859375,2.94,1.04,76.03462219238281,3.86,4.34,0.48
2025-07-10,81.58000183105469,2.92,1.03,75.95878601074219,3.86,4.35,0.48999999999999977
2025-07-11,85.4800033569336,2.97,1.03,75.8639907836914,3.9,4.43,0.5299999999999998
2025-07-14,90.7300033569336,2.95,1.03,75.92086029052734,3.9,4.43,0.5299999999999998
2025-07-15,88.94999694824219,2.95,1.01,75.693359375,3.95,4.5,0.5499999999999998
2025-07-16,89.5199966430664,3.0,1.02,75.89242553710938,3.88,4.46,0.5800000000000001
2025-07-17,85.56999969482422,2.91,1.01,75.96826171875,3.91,4.47,0.5599999999999996
2025-07-18,83.29000091552734,2.93,1.01,76.07254028320312,3.88,4.44,0.5600000000000005
2025-07-21,86.62000274658203,2.89,1.01,76.17682647705078,3.85,4.38,0.5299999999999998
2025-07-22,89.88999938964844,2.9,1.02,76.30953216552734,3.83,4.35,0.5199999999999996
2025-07-23,85.94999694824219,2.83,1.0,76.34745025634766,3.88,4.4,0.5200000000000005
2025-07-24,82.75,2.82,0.99,76.25264739990234,3.91,4.43,0.5199999999999996
2025-07-25,82.08999633789062,2.84,0.99,76.30003356933594,3.91,4.4,0.4900000000000002
2025-07-28,83.7300033569336,2.82,0.98,76.26212310791016,3.91,4.42,0.5099999999999998
2025-07-29,85.06999969482422,2.86,1.0,76.30953216552734,3.86,4.34,0.48
2025-07-30,81.87999725341797,2.89,0.99,76.14836883544922,3.94,4.38,0.43999999999999995
2025-07-31,79.83999633789062,2.86,0.99,76.19576263427734,3.94,4.37,0.43000000000000016
2025-08-01,83.83000183105469,3.13,1.04,76.19956970214844,3.69,4.23,0.5400000000000005
2025-08-04,87.94999694824219,3.02,1.04,76.45681762695312,3.69,4.22,0.5299999999999998
2025-08-05,89.19999694824219,2.98,1.03,76.418701171875,3.72,4.22,0.49999999999999956
2025-08-06,83.88999938964844,2.98,1.02,76.49492645263672,3.69,4.22,0.5299999999999998
2025-08-07,80.1500015258789,2.95,1.01,76.418701171875,3.72,4.23,0.5100000000000002
2025-08-08,79.19999694824219,2.94,1.01,76.42822265625,3.76,4.27,0.5099999999999998
2025-08-11,81.76000213623047,2.94,1.01,76.42822265625,3.76,4.27,0.5099999999999998
2025-08-12,77.41999816894531,2.93,1.0,76.59972381591797,3.72,4.29,0.5699999999999998
2025-08-13,77.30999755859375,2.9,0.98,76.7997817993164,3.67,4.24,0.5700000000000003
2025-08-14,76.7699966430664,2.89,0.97,76.59972381591797,3.74,4.29,0.5499999999999998
2025-08-15,76.66000366210938,2.88,0.96,76.65689086914062,3.75,4.33,0.5800000000000001
2025-08-18,81.81999969482422,2.88,0.96,76.59972381591797,3.77,4.34,0.5699999999999998
2025-08-19,82.1500015258789,2.9,0.97,76.58065795898438,3.75,4.3,0.5499999999999998
2025-08-20,80.75,2.94,0.98,76.55209350585938,3.74,4.29,0.5499999999999998
2025-08-21,80.5199966430664,2.95,0.98,76.40916442871094,3.79,4.33,0.54
2025-08-22,78.0999984741211,2.88,0.97,77.02845764160156,3.68,4.26,0.5799999999999996
2025-08-25,77.55999755859375,2.8,0.96,76.87601470947266,3.73,4.28,0.5500000000000003
2025-08-26,79.36000061035156,2.78,0.98,77.04750061035156,3.61,4.26,0.6499999999999999
2025-08-27,77.66000366210938,2.78,0.99,77.1427993774414,3.59,4.24,0.6500000000000004
2025-08-28,77.55000305175781,2.75,0.99,77.1808853149414,3.62,4.22,0.5999999999999996
2025-08-29,79.38999938964844,2.82,1.01,77.03797149658203,3.59,4.23,0.6400000000000006
2025-08-31,,2.84,1.02,,,,
2025-09-01,,2.84,1.02,,,,
2025-09-02,85.27999877929688,2.92,1.03,76.95470428466797,3.66,4.28,0.6200000000000001
2025-09-03,89.66999816894531,2.88,1.02,77.16529846191406,3.61,4.22,0.6099999999999999
2025-09-04,88.26000213623047,2.84,1.0,77.37589263916016,3.59,4.17,0.5800000000000001
2025-09-05,85.29000091552734,2.83,1.0,77.41417694091797,3.51,4.1,0.5899999999999999
2025-09-08,84.0,2.84,1.01,77.41417694091797,3.49,4.05,0.5599999999999996
2025-09-09,82.19999694824219,2.87,1.01,77.32804107666016,3.54,4.08,0.54
2025-09-10,79.58000183105469,2.84,1.0,77.3854751586914,3.54,4.04,0.5
2025-09-11,75.06999969482422,2.78,0.98,77.5769271850586,3.52,4.01,0.48999999999999977
2025-09-12,73.37000274658203,2.79,0.97,77.50033569335938,3.56,4.06,0.49999999999999956
2025-09-15,76.87999725341797,2.75,0.95,77.72052001953125,3.54,4.05,0.5099999999999998
2025-09-16,77.08999633789062,2.79,0.96,77.66307067871094,3.51,4.04,0.5300000000000002
2025-09-17,75.94999694824219,2.79,0.96,77.58649444580078,3.52,4.06,0.5399999999999996
2025-09-18,71.91000366210938,2.71,0.94,77.75880432128906,3.57,4.11,0.5400000000000005
2025-09-19,72.51000213623047,2.72,0.93,77.78750610351562,3.57,4.14,0.5699999999999998
2025-09-22,75.80000305175781,2.69,0.93,77.84496307373047,3.61,4.15,0.5400000000000005
2025-09-23,75.66000366210938,2.71,0.94,77.78750610351562,3.53,4.12,0.5900000000000003
2025-09-24,75.12999725341797,2.7,0.95,77.6822280883789,3.57,4.16,0.5900000000000003
2025-09-25,75.44000244140625,2.76,0.96,77.46204376220703,3.64,4.18,0.5399999999999996
2025-09-26,74.37999725341797,2.75,0.95,77.61521911621094,3.63,4.2,0.5700000000000003
2025-09-29,75.51000213623047,2.74,0.94,77.74922180175781,3.63,4.15,0.5200000000000005
2025-09-30,77.93000030517578,2.8,0.97,77.72052001953125,3.6,4.16,0.56
2025-10-01,73.5,2.81,0.97,77.8657455444336,3.55,4.12,0.5700000000000003
2025-10-02,71.20999908447266,2.81,0.96,77.8368911743164,3.55,4.1,0.5499999999999998
2025-10-03,69.52999877929688,2.8,0.95,77.75033569335938,3.58,4.13,0.5499999999999998
2025-10-06,72.98999786376953,2.76,0.94,77.76956176757812,3.6,4.18,0.5799999999999996
2025-10-07,75.43000030517578,2.82,0.95,77.68299865722656,3.57,4.14,0.5699999999999998
2025-10-08,74.87000274658203,2.84,0.95,77.56758880615234,3.58,4.13,0.5499999999999998
2025-10-09,74.12000274658203,2.95,0.98,77.34636688232422,3.6,4.14,0.5399999999999996
2025-10-10,81.6500015258789,3.18,1.02,76.89434814453125,3.52,4.05,0.5299999999999998
2025-10-13,,3.18,1.02,77.37522888183594,,,
2025-10-14,79.94999694824219,3.11,1.02,77.46179962158203,3.48,4.03,0.5500000000000003
2025-10-15,75.11000061035156,2.95,0.99,77.71186065673828,3.5,4.05,0.5499999999999998
2025-10-16,81.2300033569336,3.04,1.01,77.43294525146484,3.41,3.99,0.5800000000000001
2025-10-17,78.62000274658203,3.04,1.01,77.63491821289062,3.46,4.02,0.5599999999999996
2025-10-20,77.22000122070312,2.99,1.0,77.78880310058594,3.46,4.0,0.54
2025-10-21,77.18000030517578,2.97,1.01,77.67340087890625,3.45,3.98,0.5299999999999998
2025-10-22,75.48999786376953,3.01,1.02,77.596435546875,3.45,3.97,0.52
2025-10-23,74.05000305175781,2.96,1.0,77.76956176757812,3.48,4.01,0.5299999999999998
2025-10-24,68.94000244140625,2.88,0.98,77.98115539550781,3.48,4.02,0.5399999999999996
2025-10-27,66.87000274658203,2.8,0.97,78.17350769042969,3.48,4.01,0.5299999999999998
2025-10-28,67.30000305175781,2.82,0.97,78.09656524658203,3.47,3.99,0.52
2025-10-29,65.75,2.76,0.96,77.85611724853516,3.59,4.08,0.4900000000000002
2025-10-30,66.87999725341797,2.85,0.98,77.71186065673828,3.61,4.11,0.5000000000000004
2025-10-31,66.61000061035156,2.94,1.02,77.71186065673828,3.6,4.11,0.5100000000000002
2025-11-03,67.2300033569336,3.04,1.04,77.4701919555664,3.6,4.13,0.5299999999999998
2025-11-04,68.0199966430664,3.13,1.04,77.47986602783203,3.58,4.1,0.5199999999999996
2025-11-05,72.41999816894531,3.05,1.02,77.55718231201172,3.63,4.17,0.54
2025-11-06,72.44000244140625,3.13,1.04,77.58619689941406,3.57,4.11,0.5400000000000005
2025-11-07,74.41000366210938,3.15,1.06,77.65385437011719,3.55,4.11,0.5600000000000005
2025-11-10,78.86000061035156,3.02,1.05,77.91486358642578,3.58,4.13,0.5499999999999998
2025-11-11,,3.02,1.05,78.00187683105469,,,
2025-11-12,81.12000274658203,3.02,1.05,77.8471908569336,3.56,4.08,0.52
2025-11-13,79.0999984741211,3.09,1.06,77.52818298339844,3.58,4.11,0.5300000000000002
2025-11-14,79.70999908447266,3.07,1.06,77.54752349853516,3.62,4.14,0.5199999999999996
2025-11-17,82.58000183105469,3.13,1.06,77.4218521118164,3.6,4.13,0.5299999999999998
2025-11-18,83.18000030517578,3.2,1.07,77.44119262695312,3.58,4.12,0.54
2025-11-19,84.31999969482422,3.17,1.07,77.47986602783203,3.58,4.13,0.5499999999999998
2025-11-20,77.80999755859375,3.17,1.08,77.43152618408203,3.55,4.1,0.5499999999999998
2025-11-21,78.80999755859375,3.19,1.09,77.69251251220703,3.51,4.06,0.5499999999999998
2025-11-24,76.81999969482422,3.15,1.08,77.90519714355469,3.46,4.04,0.5800000000000001
2025-11-25,72.81999969482422,3.1,1.07,78.17587280273438,3.43,4.01,0.5799999999999996
2025-11-26,71.9000015258789,3.0,1.05,78.2531967163086,3.45,4.0,0.5499999999999998
2025-11-27,,3.0,1.05,,,,
2025-11-28,68.94999694824219,2.95,1.04,78.2918701171875,3.47,4.02,0.5499999999999994
2025-11-30,,2.92,1.05,,,,
2025-12-01,71.3499984741211,2.94,1.04,78.15104675292969,3.54,4.09,0.5499999999999998
2025-12-02,69.91000366210938,2.92,1.03,78.29672241210938,3.51,4.09,0.5800000000000001
2025-12-03,66.45999908447266,2.89,1.03,78.36471557617188,3.49,4.06,0.5699999999999994
2025-12-04,65.69000244140625,2.88,1.02,78.42298889160156,3.52,4.11,0.5900000000000003
2025-12-05,67.27999877929688,2.85,1.01,78.42298889160156,3.56,4.14,0.5799999999999996
2025-12-08,72.30000305175781,2.89,1.0,78.22875213623047,3.57,4.17,0.6000000000000001
2025-12-09,75.37999725341797,2.89,1.0,78.14132690429688,3.61,4.18,0.5699999999999998
2025-12-10,68.62000274658203,2.91,1.0,78.40354919433594,3.54,4.13,0.5899999999999999
2025-12-11,69.23999786376953,2.88,1.0,78.39385223388672,3.52,4.14,0.6199999999999997
2025-12-12,69.25,2.91,1.01,78.2481689453125,3.52,4.19,0.6700000000000004
2025-12-15,73.30999755859375,2.91,1.02,78.28700256347656,3.51,4.18,0.6699999999999999
2025-12-16,67.13999938964844,2.98,1.03,78.33558654785156,3.48,4.15,0.6700000000000004
2025-12-17,62.7400016784668,2.99,1.03,78.23844909667969,3.49,4.16,0.6699999999999999
2025-12-18,60.0099983215332,2.95,1.03,78.45211791992188,3.46,4.12,0.6600000000000001
2025-12-19,59.40999984741211,2.9,1.02,78.41407012939453,3.48,4.16,0.6800000000000002
2025-12-22,61.70000076293945,2.88,1.02,78.48235321044922,3.44,4.17,0.73
2025-12-23,61.16999816894531,2.83,1.01,78.54090881347656,3.48,4.18,0.6999999999999997
2025-12-24,59.47999954223633,2.84,1.0,78.6872787475586,3.47,4.15,0.6800000000000002
2025-12-26,58.5,2.86,1.0,78.64824676513672,3.46,4.14,0.6799999999999997
2025-12-29,59.209999084472656,2.87,1.0,78.6775131225586,3.45,4.12,0.6699999999999999
2025-12-30,63.97999954223633,2.84,1.01,78.75558471679688,3.45,4.14,0.6899999999999995
2025-12-31,63.959999084472656,2.81,1.01,78.6775131225586,3.47,4.18,0.7099999999999995
2026-01-02,62.36000061035156,2.83,1.01,78.71654510498047,3.47,4.19,0.7200000000000002
2026-01-05,64.70999908447266,2.81,1.01,78.92145538330078,3.46,4.17,0.71
2026-01-06,65.81999969482422,2.79,1.0,78.94099426269531,3.47,4.18,0.7099999999999995
2026-01-07,66.1500015258789,2.79,1.01,78.92145538330078,3.47,4.15,0.6800000000000002
2026-01-08,66.94000244140625,2.76,1.01,78.98001861572266,3.49,4.19,0.7000000000000002
2026-01-09,61.54999923706055,2.74,0.99,79.03855895996094,3.54,4.18,0.6399999999999997
2026-01-12,62.900001525878906,2.74,0.99,79.07759857177734,3.54,4.19,0.6500000000000004
2026-01-13,60.790000915527344,2.75,0.98,79.07759857177734,3.53,4.18,0.6499999999999999
2026-01-14,58.11000061035156,2.76,0.98,79.07759857177734,3.51,4.15,0.6400000000000006
2026-01-15,56.13999938964844,2.71,0.97,79.07759857177734,3.56,4.17,0.6099999999999999
2026-01-16,58.04999923706055,2.65,0.96,79.12638092041016,3.59,4.24,0.6500000000000004
2026-01-19,,2.65,0.96,,,,
2026-01-20,66.66999816894531,2.73,0.96,78.92145538330078,3.6,4.3,0.6999999999999997
2026-01-21,59.560001373291016,2.69,0.95,79.15565490722656,3.6,4.26,0.6599999999999997
2026-01-22,56.5,2.64,0.93,79.21420288085938,3.61,4.26,0.6499999999999999
2026-01-23,56.25,2.68,0.94,79.17517852783203,3.6,4.24,0.6400000000000001
2026-01-26,55.77000045776367,2.69,0.94,79.21420288085938,3.56,4.22,0.6599999999999997
2026-01-27,56.119998931884766,2.71,0.94,79.2044448852539,3.53,4.24,0.7100000000000004
2026-01-28,57.43000030517578,2.72,0.93,79.07759857177734,3.56,4.26,0.6999999999999997
2026-01-29,60.72999954223633,2.77,0.94,79.06782531738281,3.53,4.24,0.7100000000000004
2026-01-30,59.20000076293945,2.8,0.94,79.15565490722656,3.52,4.26,0.7399999999999998
2026-01-31,,2.88,0.95,,,,
2026-02-02,59.29999923706055,2.81,0.93,79.20370483398438,3.57,4.29,0.7200000000000002
2026-02-03,57.540000915527344,2.85,0.94,79.15467834472656,3.57,4.28,0.7100000000000004
2026-02-04,57.5099983215332,2.86,0.95,79.05661010742188,3.57,4.29,0.7200000000000002
2026-02-05,62.15999984741211,2.97,0.96,78.96835327148438,3.47,4.21,0.7399999999999998
2026-02-06,63.619998931884766,2.87,0.96,79.24292755126953,3.5,4.22,0.7199999999999998
2026-02-09,62.7400016784668,2.84,0.96,79.35079193115234,3.48,4.22,0.7399999999999998
2026-02-10,64.55000305175781,2.86,0.98,79.27234649658203,3.45,4.16,0.71
2026-02-11,61.349998474121094,2.84,0.98,79.26253509521484,3.52,4.18,0.6599999999999997
2026-02-12,68.56999969482422,2.92,0.99,79.22331237792969,3.47,4.09,0.6199999999999997
2026-02-13,70.0999984741211,2.95,1.0,79.28215026855469,3.4,4.04,0.6400000000000001
2026-02-16,,2.94,1.0,,,,
2026-02-17,68.83999633789062,2.94,1.01,79.24292755126953,3.43,4.05,0.6199999999999997
2026-02-18,64.19000244140625,2.86,0.99,79.34098815917969,3.47,4.09,0.6199999999999997
2026-02-19,68.02999877929688,2.88,0.99,79.37041473388672,3.47,4.08,0.6099999999999999
2026-02-20,64.2699966430664,2.86,0.99,79.42923736572266,3.48,4.08,0.6000000000000001
2026-02-23,68.02999877929688,2.95,1.01,79.30176544189453,3.43,4.03,0.6000000000000001
2026-02-24,65.2699966430664,2.97,1.02,79.24292755126953,3.43,4.04,0.6099999999999999
2026-02-25,62.43000030517578,2.94,1.01,79.35079193115234,3.45,4.05,0.5999999999999996
2026-02-26,63.93000030517578,2.98,1.03,79.28215026855469,3.42,4.02,0.5999999999999996
2026-02-27,73.37999725341797,3.1,1.07,79.15467834472656,3.38,3.97,0.5900000000000003
2026-02-28,,3.12,1.08,,,,
2026-03-02,73.20999908447266,3.03,1.06,79.10934448242188,3.47,4.05,0.5799999999999996
2026-03-03,77.75,3.08,1.06,78.9516830444336,3.51,4.06,0.5499999999999998
2026-03-04,70.02999877929688,2.97,1.03,79.22760009765625,3.54,4.09,0.5499999999999998
2026-03-05,74.52999877929688,3.0,1.04,78.91226196289062,3.57,4.13,0.56
2026-03-06,81.26000213623047,3.13,1.06,78.5279541015625,3.56,4.15,0.5900000000000003
2026-03-09,79.73999786376953,3.19,1.07,79.00094604492188,3.56,4.12,0.56
2026-03-10,76.33000183105469,3.06,1.06,78.87284851074219,3.57,4.15,0.5800000000000005
2026-03-11,78.58999633789062,3.09,1.09,78.69547271728516,3.64,4.21,0.5699999999999998
2026-03-12,95.30000305175781,3.17,1.12,78.19290161132812,3.76,4.27,0.5099999999999998
2026-03-13,91.16999816894531,3.28,1.15,78.04508972167969,3.73,4.28,0.5500000000000003
2026-03-16,85.25,3.27,1.16,78.29145050048828,3.68,4.23,0.5500000000000003
2026-03-17,79.2300033569336,3.22,1.14,78.64619445800781,3.68,4.2,0.52
2026-03-18,81.25,3.2,1.13,78.24217987060547,3.76,4.26,0.5
2026-03-19,84.87999725341797,3.27,1.13,78.4983901977539,3.79,4.25,0.45999999999999996
2026-03-20,108.83999633789062,3.24,1.11,77.76917266845703,3.88,4.39,0.5099999999999998
2026-03-23,98.1500015258789,3.19,1.11,78.28160095214844,3.83,4.34,0.5099999999999998
2026-03-24,103.01000213623047,3.19,1.09,78.0155258178711,3.9,4.39,0.48999999999999977
2026-03-25,97.58999633789062,3.17,1.09,78.26187896728516,3.84,4.33,0.4900000000000002
2026-03-26,115.0199966430664,3.21,1.11,77.76917266845703,3.96,4.42,0.45999999999999996
2026-03-27,111.94999694824219,3.42,1.14,77.57209014892578,3.88,4.44,0.5600000000000005
2026-03-30,108.33000183105469,3.46,1.16,77.66078186035156,3.82,4.35,0.5299999999999998
2026-03-31,96.05000305175781,3.28,1.13,78.39984130859375,3.79,4.3,0.5099999999999998
2026-04-01,90.19000244140625,3.16,1.1,78.5919418334961,3.81,4.33,0.52
2026-04-02,84.41000366210938,3.17,1.09,78.78007507324219,3.79,4.31,0.5199999999999996
2026-04-03,,3.13,1.09,,3.84,4.35,0.5099999999999998
2026-04-06,81.68000030517578,3.05,1.07,78.91870880126953,3.84,4.34,0.5
2026-04-07,83.1500015258789,3.12,1.08,78.93851470947266,3.81,4.33,0.52
2026-04-08,78.73999786376953,2.94,1.05,79.4039077758789,3.79,4.29,0.5
2026-04-09,74.01000213623047,2.9,1.05,79.4930191040039,3.78,4.29,0.5100000000000002
2026-04-10,72.1500015258789,2.94,1.04,79.17615509033203,3.81,4.31,0.49999999999999956
2026-04-13,74.41999816894531,2.95,1.04,79.47322082519531,3.78,4.3,0.52
2026-04-14,74.3499984741211,2.84,1.02,79.71086883544922,3.76,4.26,0.5
2026-04-15,67.94000244140625,2.85,1.01,79.67125701904297,3.76,4.29,0.5300000000000002
2026-04-16,65.88999938964844,2.86,1.01,79.56233978271484,3.78,4.32,0.5400000000000005
2026-04-17,65.69999694824219,2.83,1.01,79.8593978881836,3.71,4.26,0.5499999999999998
2026-04-20,67.9000015258789,2.87,1.01,79.79007720947266,3.72,4.26,0.5399999999999996
2026-04-21,70.77999877929688,2.85,1.0,79.58213806152344,3.78,4.3,0.52
2026-04-22,69.87999725341797,2.84,0.99,79.71086883544922,3.79,4.3,0.5099999999999998
2026-04-23,67.69999694824219,2.86,1.0,79.58213806152344,3.83,4.34,0.5099999999999998
2026-04-24,66.97000122070312,2.86,1.0,79.6910629272461,3.78,4.31,0.5299999999999998
2026-04-27,68.41999816894531,2.84,1.01,79.72077178955078,3.78,4.35,0.5699999999999998
2026-04-28,68.68000030517578,2.85,1.02,79.61184692382812,3.84,4.36,0.5200000000000005
2026-04-29,74.33000183105469,2.82,1.01,79.34449005126953,3.92,4.42,0.5
2026-04-30,72.06999969482422,2.83,1.02,79.59203338623047,3.88,4.4,0.5200000000000005
2026-05-01,70.41000366210938,2.77,1.01,79.69058227539062,3.88,4.39,0.5099999999999998
2026-05-04,77.86000061035156,2.78,1.01,79.4317855834961,3.95,4.45,0.5
2026-05-05,76.77999877929688,2.77,0.99,79.55123138427734,3.93,4.43,0.49999999999999956
2026-05-06,70.62999725341797,2.75,0.99,79.79012298583984,3.87,4.36,0.4900000000000002
2026-05-07,72.23999786376953,2.79,0.99,79.49150848388672,3.92,4.41,0.4900000000000002
2026-05-08,67.25,2.81,0.99,79.77021789550781,3.9,4.38,0.48
2026-05-11,70.73999786376953,2.79,0.98,79.61095428466797,3.95,4.42,0.46999999999999975
2026-05-12,71.68000030517578,2.82,0.97,79.50146484375,4.0,4.46,0.45999999999999996
2026-05-13,70.23999786376953,2.82,0.96,79.5412826538086,3.98,4.46,0.48
2026-05-14,69.62999725341797,2.76,0.95,79.48155212402344,4.0,4.47,0.46999999999999975
2026-05-15,79.87000274658203,2.8,0.94,79.09335327148438,4.09,4.59,0.5
2026-05-18,86.06999969482422,2.83,0.94,79.17298126220703,4.07,4.61,0.54
2026-05-19,85.31999969482422,2.86,0.95,78.98385620117188,4.13,4.67,0.54
2026-05-20,81.52999877929688,2.8,0.95,79.49150848388672,4.04,4.57,0.5300000000000002
2026-05-21,79.72000122070312,2.78,0.94,79.53132629394531,4.08,4.57,0.4900000000000002
2026-05-22,78.43000030517578,2.74,0.93,79.5412826538086,4.13,4.56,0.4299999999999997
2026-05-25,,2.74,0.93,,,,
2026-05-26,74.94999694824219,2.72,0.93,79.81002807617188,4.01,4.5,0.4900000000000002
2026-05-27,70.9000015258789,2.71,0.93,79.76026153564453,4.0,4.48,0.4800000000000004
2026-05-28,69.73999786376953,2.72,0.93,79.85980224609375,3.99,4.45,0.45999999999999996
2026-05-29,70.22000122070312,2.72,0.92,79.9394302368164,3.98,4.45,0.4700000000000002
2026-05-31,,2.74,0.93,,,,
2026-06-01,73.33000183105469,2.72,0.92,79.47159576416016,4.05,4.47,0.41999999999999993
2026-06-02,73.43000030517578,2.71,0.92,79.53132629394531,4.05,4.46,0.41000000000000014
2026-06-03,73.58000183105469,2.75,0.93,79.31233978271484,4.08,4.49,0.41000000000000014
2026-06-04,71.16000366210938,2.74,0.93,79.4616470336914,4.05,4.47,0.41999999999999993
2026-06-05,75.19999694824219,2.76,0.93,79.06349182128906,4.17,4.55,0.3799999999999999
2026-06-08,76.9800033569336,2.75,0.93,79.17298126220703,4.15,4.56,0.40999999999999925
2026-06-09,77.02999877929688,2.78,0.93,79.25261688232422,4.13,4.53,0.40000000000000036
2026-06-10,73.94999694824219,2.8,0.94,79.10330963134766,4.13,4.55,0.41999999999999993
2026-06-11,69.44999694824219,2.78,0.94,79.5711441040039,4.05,4.45,0.40000000000000036
2026-06-12,69.36000061035156,2.71,0.93,79.5711441040039,4.09,4.48,0.39000000000000057
2026-06-15,69.37999725341797,2.66,0.92,79.6706771850586,4.07,4.47,0.39999999999999947
2026-06-16,67.27999877929688,2.71,0.93,79.66072082519531,4.05,4.43,0.3799999999999999
2026-06-17,70.66000366210938,2.63,0.92,79.36211395263672,4.2,4.49,0.29000000000000004
2026-06-18,65.38999938964844,2.66,0.93,79.64081573486328,4.19,4.46,0.2699999999999996
2026-06-19,,2.66,0.93,,,,
2026-06-22,70.0199966430664,2.65,0.93,79.5711441040039,4.24,4.51,0.2699999999999996
2026-06-23,68.77999877929688,2.71,0.93,79.50146484375,4.16,4.5,0.33999999999999986
2026-06-24,69.05999755859375,2.76,0.94,79.48155212402344,4.11,4.41,0.2999999999999998
2026-06-25,67.0999984741211,2.78,0.95,79.51141357421875,4.09,4.4,0.3100000000000005
2026-06-26,66.79000091552734,2.83,0.96,79.4616470336914,4.07,4.38,0.3099999999999996
2026-06-29,68.13999938964844,2.8,0.95,79.64081573486328,4.1,4.38,0.28000000000000025
2026-06-30,71.95999908447266,2.75,0.95,79.60099792480469,4.14,4.44,0.3000000000000007
2026-07-01,68.55999755859375,2.74,0.94,79.58999633789062,4.17,4.48,0.3100000000000005
2026-07-02,65.4000015258789,2.75,0.94,79.70999908447266,4.14,4.49,0.35000000000000053
2026-07-03,,2.74,0.94,,,,
2026-07-06,65.76319885253906,,,79.87000274658203,,,
