Ticker,Close,Bottom End,Top End,Down side %,Up side %,Lower Band,Upper band,ATH,Trade_lvl,Trend_Lvl,Trade,Trade_Chg,Trend,Trend_Chg,1D %,1W %,1M %,3M %,RVOL_1M,RVOL_3M,Machine,Vlm 1D %,Vlm 1W %,Vlm 1M %,Vlm 3M %,RSI,Level,Beta_1Y,SS_Score,SS_Status,SS_Action,Warn_Lvl,Warn_Flags
^TNX,5.293000221252441,4.93,5.39,-6.77,1.77,HL,HH,15.84000015258789,4.84,4.49,Bullish,,Bullish,,0.72,3.5000000000000004,11.24,18.279999999999998,14.546570729900568,13.897266382394262,Systematic Selling,,,,,80.57599299399115,Overbought,-0.3212741699814525,47,🟡 BULL WATCH,"Early stress — reduce aggression, stop adding",1,RSI Extreme
^GSPC,7651.5400390625,7632.78,7740.08,-0.25,1.16,Brownian,Brownian,7798.990234375,7636.36,7483.24,Bullish,⚠,Bullish,,-0.25,-0.7100000000000001,-0.44999999999999996,2.25,10.831326788533334,11.049116735973122,Systematic Buying,-37.26,-38.33,-41.48,-45.49,48.118552788850685,In-Range,1.0000000000000002,57,🟡 BULL WATCH,"Early stress — reduce aggression, stop adding",1,Trade Flip
^IXIC,26861.064453125,26639.98,27106.78,-0.82,0.91,HL,Brownian,27244.279296875,26253.34,25832.67,Bullish,,Bullish,,0.24,-0.27999999999999997,1.8599999999999999,3.15,14.484033968477142,16.895771946774712,Systematic Buying,10.22,-7.88,1.8599999999999999,-13.98,56.432392097179346,In-Range,1.3832353337775627,65,✅ STRONG BULL,Normal positioning — buy dips 50-100bps,0,None
^RUT,2796.864013671875,2785.74,2858.43,-0.4,2.2,LL,LH,3068.419921875,2921.24,2996.11,Bearish,,Bearish,,-0.38999999999999996,-1.47,-5.4,-7.16,11.69513745109479,13.212280211496306,Systematic Buying,-100.0,-100.0,-100.0,-100.0,29.702363089609662,Oversold,1.1982379089817508,-47,🟠 RECOVERY WATCH,Early recovery signs — monitor daily,1,RSI Extreme
^VIX,16.34000015258789,13.96,16.94,-14.55,3.65,Brownian,Brownian,82.69000244140625,16.46,15.57,Bearish,⚠,Bullish,⚠,1.87,7.64,0.0,1.18,98.01774716856141,101.001797428912,Systematic Buying,,,,,53.11786209787113,In-Range,-0.00010282836325591516,2,🟠 BULL CAUTION,"Multiple warnings — stop buying, tighten stops",2,"Trade Flip, Trend Flip"
^NYICDX,101.4708023071289,100.44,101.69,-1.02,0.21,Brownian,Brownian,164.72000122070312,98.77,100.86,Bullish,,Bullish,⚠,0.1,0.37,2.0500000000000003,0.08,4.447736502986651,4.682180357827514,Systematic Buying,,,,,70.14978499933946,Overbought,-0.1129887413409874,35,🟠 BULL CAUTION,"Multiple warnings — stop buying, tighten stops",2,"Trend Flip, RSI Extreme"
AAAU,41.15999984741211,40.71,42.78,-1.09,3.93,Brownian,Brownian,53.209999084472656,42.97,39.82,Bearish,,Bullish,,1.25,-4.32,-6.329999999999999,4.02,23.970994973091983,24.530443758068095,Systematic Buying,-59.940000000000005,-19.580000000000002,-66.01,2.8400000000000003,39.625815850402184,In-Range,0.7894551813880445,19,⬜ WEAK BULL,"Marginal — hold small, do not add",0,None
AAPL,329.3999938964844,330.16,341.28,0.23,3.61,Brownian,HATH,341.07000732421875,316.22,294.13,Bullish,,Bullish,,-2.6599999999999997,-3.05,3.0300000000000002,13.94,23.95632776533167,28.408107883989516,Systematic Buying,17.24,-5.489999999999999,-0.44,-40.89,50.89870179476399,In-Range,0.7106617439623665,87,🟡 BULL WATCH,Strong but warning active — reduce aggression,1,Big Move
IBIT,47.33000183105469,45.95,48.53,-2.93,2.54,HL,Brownian,71.29000091552734,44.39,34.0,Bullish,,Bullish,,0.25,-3.0700000000000003,7.8100000000000005,42.17,44.13799723594174,38.52798831850642,Systematic Selling,-24.240000000000002,-39.95,-65.21000000000001,-54.67999999999999,62.903375850262805,In-Range,1.7714286652252185,40,🟡 BULL WATCH,"Early stress — reduce aggression, stop adding",1,RVOL Cross
QQQ,737.9299926757812,729.68,745.11,-1.12,0.97,HL,Brownian,747.4600219726562,717.61,724.42,Bullish,,Bullish,,0.19,-1.27,3.11,0.31,15.917413106406444,19.707692292195713,Systematic Buying,-35.24,-32.59,-20.68,-35.78,59.46425980204093,In-Range,1.420801292950856,50,✅ BULL INTACT,"Hold, buy only at LRR",0,None
GLD,382.8900146484375,378.58,397.89,-1.13,3.92,Brownian,Brownian,495.8999938964844,399.72,370.6,Bearish,,Bullish,,1.32,-4.29,-6.36,3.94,24.448158212838837,24.85792896156207,Systematic Buying,-45.28,24.58,-67.57,53.2,39.884074836143235,In-Range,0.7983612303620315,19,⬜ WEAK BULL,"Marginal — hold small, do not add",0,None
SLV,55.47999954223633,54.45,59.54,-1.85,7.32,Brownian,Brownian,105.5999984741211,59.37,53.58,Bearish,,Bullish,,0.96,-8.64,-7.5600000000000005,3.7600000000000002,40.950065201413324,39.10384850295341,Systematic Selling,-44.9,-19.869999999999997,-65.51,-20.61,41.4254808915583,In-Range,1.8482618905302957,20,✅ ALL CLEAR,Bull intact — maintain position,0,None
NVDA,227.2100067138672,222.28,229.17,-2.17,0.86,HL,Brownian,235.202392578125,225.48,197.36,Bullish,⚠,Bullish,,-0.72,-0.73,4.5600000000000005,13.68,27.400610212183203,38.622720206234,Systematic Buying,-28.7,6.0,-47.980000000000004,-39.03,56.709045229410115,In-Range,1.895206252994252,50,🟡 BULL WATCH,"Early stress — reduce aggression, stop adding",1,Trade Flip
