date,throttle,rv_10,spot,flip,regime
2023-08-22 00:00:00,9.33,9.58,4387.55,4182.89,WEAK POSITIVE GAMMA
2023-08-23 00:00:00,5.12,11.31,4436.01,4322.51,WEAK POSITIVE GAMMA
2023-08-24 00:00:00,-2.71,12.98,4376.31,4435.69,TRANSITION ZONE
2023-08-25 00:00:00,1.29,13.72,4405.71,4377.36,WEAK POSITIVE GAMMA
2023-08-28 00:00:00,0.06,13.79,4433.31,4432.09,WEAK POSITIVE GAMMA
2023-08-29 00:00:00,-0.87,14.49,4497.63,4517.17,TRANSITION ZONE
2023-08-30 00:00:00,1.38,13.63,4514.87,4483.69,WEAK POSITIVE GAMMA
2023-08-31 00:00:00,6.1,12.65,4507.66,4370.21,WEAK POSITIVE GAMMA
2023-09-01 00:00:00,5.74,12.55,4515.77,4386.12,WEAK POSITIVE GAMMA
2023-09-05 00:00:00,-3.76,12.89,4496.83,4581.39,TRANSITION ZONE
2023-09-06 00:00:00,-9.54,13.51,4465.48,4678.46,TRANSITION ZONE
2023-09-07 00:00:00,-6.54,12.65,4451.14,4596.59,TRANSITION ZONE
2023-09-08 00:00:00,7.91,10.0,4457.49,4281.23,WEAK POSITIVE GAMMA
2023-09-11 00:00:00,5.43,10.0,4487.46,4365.64,WEAK POSITIVE GAMMA
2023-09-12 00:00:00,3.02,10.32,4461.9,4394.59,WEAK POSITIVE GAMMA
2023-09-13 00:00:00,21.85,6.98,4467.44,3979.37,STRONG POSITIVE GAMMA
2023-09-14 00:00:00,18.49,8.09,4505.1,4088.51,POSITIVE GAMMA
2023-09-15 00:00:00,7.69,10.11,4450.32,4279.12,WEAK POSITIVE GAMMA
2023-09-18 00:00:00,4.5,10.03,4453.53,4353.4,WEAK POSITIVE GAMMA
2023-09-19 00:00:00,4.99,9.92,4443.95,4333.03,WEAK POSITIVE GAMMA
2023-09-20 00:00:00,-0.18,10.39,4402.2,4406.27,TRANSITION ZONE
2023-09-21 00:00:00,-19.29,12.88,4330.0,4747.67,NEGATIVE GAMMA
2023-09-22 00:00:00,-10.75,12.68,4320.06,4552.26,NEGATIVE GAMMA
2023-09-25 00:00:00,-10.49,12.16,4337.44,4564.89,NEGATIVE GAMMA
2023-09-26 00:00:00,-22.84,13.44,4273.53,4761.65,NEGATIVE GAMMA
2023-09-27 00:00:00,-16.79,13.33,4274.51,4633.32,NEGATIVE GAMMA
2023-09-28 00:00:00,-8.06,12.7,4299.7,4472.92,TRANSITION ZONE
2023-09-29 00:00:00,-2.58,11.99,4288.05,4343.46,TRANSITION ZONE
2023-10-02 00:00:00,-4.8,11.93,4288.39,4391.24,TRANSITION ZONE
2023-10-03 00:00:00,-10.6,12.89,4229.45,4453.69,NEGATIVE GAMMA
2023-10-04 00:00:00,-9.51,14.12,4263.75,4466.44,TRANSITION ZONE
2023-10-05 00:00:00,-1.69,12.0,4258.19,4294.18,TRANSITION ZONE
2023-10-06 00:00:00,-2.75,13.74,4308.5,4367.71,TRANSITION ZONE
2023-10-09 00:00:00,-7.17,13.98,4335.66,4491.04,TRANSITION ZONE
2023-10-10 00:00:00,7.8,11.43,4358.24,4188.24,WEAK POSITIVE GAMMA
2023-10-11 00:00:00,7.78,11.44,4376.95,4206.67,WEAK POSITIVE GAMMA
2023-10-12 00:00:00,4.58,12.0,4349.61,4249.93,WEAK POSITIVE GAMMA
2023-10-13 00:00:00,-5.5,12.27,4327.78,4446.71,TRANSITION ZONE
2023-10-16 00:00:00,-6.65,13.16,4373.63,4518.96,TRANSITION ZONE
2023-10-17 00:00:00,9.65,9.95,4373.2,4162.17,WEAK POSITIVE GAMMA
2023-10-18 00:00:00,-8.76,12.61,4314.6,4503.48,TRANSITION ZONE
2023-10-19 00:00:00,-14.87,13.5,4278.0,4596.07,NEGATIVE GAMMA
2023-10-20 00:00:00,-9.22,13.35,4224.16,4418.9,TRANSITION ZONE
2023-10-23 00:00:00,-10.42,12.54,4217.04,4436.69,NEGATIVE GAMMA
2023-10-24 00:00:00,-8.35,12.94,4247.68,4424.94,TRANSITION ZONE
2023-10-25 00:00:00,-10.78,13.56,4186.77,4412.46,NEGATIVE GAMMA
2023-10-26 00:00:00,-11.16,14.06,4137.23,4368.1,NEGATIVE GAMMA
2023-10-27 00:00:00,-7.99,14.06,4117.37,4281.8,TRANSITION ZONE
2023-10-30 00:00:00,-10.36,14.51,4166.82,4382.66,NEGATIVE GAMMA
2023-10-31 00:00:00,-14.58,15.45,4193.8,4499.46,NEGATIVE GAMMA
2023-11-01 00:00:00,-11.58,16.08,4237.86,4483.14,NEGATIVE GAMMA
2023-11-02 00:00:00,-17.0,18.51,4317.78,4684.83,NEGATIVE GAMMA
2023-11-03 00:00:00,-7.34,17.23,4358.34,4518.32,TRANSITION ZONE
2023-11-06 00:00:00,-11.73,17.05,4365.98,4622.13,NEGATIVE GAMMA
2023-11-07 00:00:00,-11.13,16.92,4378.38,4621.94,NEGATIVE GAMMA
2023-11-08 00:00:00,-0.71,13.97,4382.78,4398.44,TRANSITION ZONE
2023-11-09 00:00:00,-0.24,12.81,4347.35,4352.47,TRANSITION ZONE
2023-11-10 00:00:00,3.67,12.52,4415.24,4334.3,WEAK POSITIVE GAMMA
2023-11-13 00:00:00,2.3,12.75,4411.55,4360.75,WEAK POSITIVE GAMMA
2023-11-14 00:00:00,-1.7,14.38,4495.7,4533.98,TRANSITION ZONE
2023-11-15 00:00:00,0.82,14.46,4502.88,4484.51,WEAK POSITIVE GAMMA
2023-11-16 00:00:00,12.32,12.75,4508.24,4230.64,POSITIVE GAMMA
2023-11-17 00:00:00,12.41,12.5,4514.02,4233.86,POSITIVE GAMMA
2023-11-20 00:00:00,9.42,12.6,4547.38,4333.19,WEAK POSITIVE GAMMA
2023-11-21 00:00:00,2.64,12.96,4538.19,4478.24,WEAK POSITIVE GAMMA
2023-11-22 00:00:00,4.69,12.88,4556.62,4449.82,WEAK POSITIVE GAMMA
2023-11-24 00:00:00,10.46,11.25,4559.34,4320.82,POSITIVE GAMMA
2023-11-27 00:00:00,11.15,9.92,4550.43,4296.76,POSITIVE GAMMA
2023-11-28 00:00:00,9.79,9.76,4554.89,4332.04,WEAK POSITIVE GAMMA
2023-11-29 00:00:00,30.34,4.48,4550.58,3860.25,STRONG POSITIVE GAMMA
2023-11-30 00:00:00,27.56,4.66,4567.8,3938.26,STRONG POSITIVE GAMMA
2023-12-01 00:00:00,25.31,5.16,4594.63,4013.28,STRONG POSITIVE GAMMA
2023-12-04 00:00:00,16.07,6.34,4569.78,4202.58,POSITIVE GAMMA
2023-12-05 00:00:00,18.79,5.37,4567.18,4138.07,POSITIVE GAMMA
2023-12-06 00:00:00,16.21,5.69,4549.34,4180.66,POSITIVE GAMMA
2023-12-07 00:00:00,13.89,6.66,4585.59,4267.09,POSITIVE GAMMA
2023-12-08 00:00:00,16.43,6.89,4604.37,4226.15,POSITIVE GAMMA
2023-12-11 00:00:00,17.37,6.81,4622.44,4220.89,POSITIVE GAMMA
2023-12-12 00:00:00,16.97,6.97,4643.7,4249.66,POSITIVE GAMMA
2023-12-13 00:00:00,12.3,8.84,4707.09,4417.71,POSITIVE GAMMA
2023-12-14 00:00:00,13.36,8.85,4719.55,4404.29,POSITIVE GAMMA
2023-12-15 00:00:00,11.87,8.86,4719.19,4439.09,POSITIVE GAMMA
2023-12-18 00:00:00,15.84,7.64,4740.56,4365.15,POSITIVE GAMMA
2023-12-19 00:00:00,17.49,7.31,4768.37,4351.28,POSITIVE GAMMA
2023-12-20 00:00:00,-7.05,11.55,4698.35,4863.88,TRANSITION ZONE
2023-12-21 00:00:00,-3.92,11.87,4746.75,4839.8,TRANSITION ZONE
2023-12-22 00:00:00,-1.49,11.9,4754.63,4790.07,TRANSITION ZONE
2023-12-26 00:00:00,-5.02,11.9,4774.75,4894.53,TRANSITION ZONE
2023-12-27 00:00:00,-3.5,11.91,4781.58,4865.28,TRANSITION ZONE
2023-12-28 00:00:00,4.81,10.35,4783.35,4668.34,WEAK POSITIVE GAMMA
2023-12-29 00:00:00,3.23,10.56,4769.83,4692.7,WEAK POSITIVE GAMMA
2024-01-02 00:00:00,-2.87,11.09,4742.83,4810.82,TRANSITION ZONE
2024-01-03 00:00:00,-5.1,11.59,4704.81,4824.76,TRANSITION ZONE
2024-01-04 00:00:00,-1.48,11.04,4688.68,4723.47,TRANSITION ZONE
2024-01-05 00:00:00,11.75,8.33,4697.24,4421.34,POSITIVE GAMMA
2024-01-08 00:00:00,8.48,9.73,4763.54,4561.68,WEAK POSITIVE GAMMA
2024-01-09 00:00:00,9.79,9.74,4756.5,4523.77,WEAK POSITIVE GAMMA
2024-01-10 00:00:00,12.58,9.94,4783.45,4482.64,POSITIVE GAMMA
2024-01-11 00:00:00,13.37,9.92,4780.24,4460.77,POSITIVE GAMMA
2024-01-12 00:00:00,9.03,9.92,4783.83,4567.73,WEAK POSITIVE GAMMA
2024-01-16 00:00:00,2.85,10.01,4765.98,4697.97,WEAK POSITIVE GAMMA
2024-01-17 00:00:00,3.72,10.0,4739.21,4651.01,WEAK POSITIVE GAMMA
2024-01-18 00:00:00,6.54,9.81,4780.94,4624.69,WEAK POSITIVE GAMMA
2024-01-19 00:00:00,7.1,10.67,4839.81,4667.95,WEAK POSITIVE GAMMA
2024-01-22 00:00:00,4.61,10.66,4850.43,4738.57,WEAK POSITIVE GAMMA
2024-01-23 00:00:00,13.96,8.8,4864.6,4525.12,POSITIVE GAMMA
2024-01-24 00:00:00,11.14,8.61,4868.55,4597.39,POSITIVE GAMMA
2024-01-25 00:00:00,11.56,8.57,4894.16,4611.29,POSITIVE GAMMA
2024-01-26 00:00:00,9.24,8.57,4890.97,4665.13,WEAK POSITIVE GAMMA
2024-01-29 00:00:00,6.02,8.9,4927.93,4779.49,WEAK POSITIVE GAMMA
2024-01-30 00:00:00,8.03,8.36,4924.97,4727.2,WEAK POSITIVE GAMMA
2024-01-31 00:00:00,-14.64,12.3,4845.65,5200.28,NEGATIVE GAMMA
2024-02-01 00:00:00,-10.96,12.96,4906.19,5174.93,NEGATIVE GAMMA
2024-02-02 00:00:00,-5.3,12.64,4958.61,5089.99,TRANSITION ZONE
2024-02-05 00:00:00,-5.83,12.96,4942.81,5086.86,TRANSITION ZONE
2024-02-06 00:00:00,-2.89,12.95,4954.23,5025.83,TRANSITION ZONE
2024-02-07 00:00:00,-4.81,13.31,4995.06,5115.11,TRANSITION ZONE
2024-02-08 00:00:00,-9.04,13.25,4997.91,5223.94,TRANSITION ZONE
2024-02-09 00:00:00,-7.69,13.27,5026.61,5219.96,TRANSITION ZONE
2024-02-12 00:00:00,-9.14,13.09,5021.84,5251.22,TRANSITION ZONE
2024-02-13 00:00:00,-27.09,15.28,4953.17,5624.09,NEGATIVE GAMMA
2024-02-14 00:00:00,-4.32,12.58,5000.62,5108.51,TRANSITION ZONE
2024-02-15 00:00:00,0.93,11.62,5029.73,5006.27,WEAK POSITIVE GAMMA
2024-02-16 00:00:00,1.75,11.17,5005.57,4961.69,WEAK POSITIVE GAMMA
2024-02-20 00:00:00,-5.87,11.54,4975.51,5121.57,TRANSITION ZONE
2024-02-21 00:00:00,-1.18,11.51,4981.8,5011.09,TRANSITION ZONE
2024-02-22 00:00:00,-9.0,15.09,5087.03,5315.96,TRANSITION ZONE
2024-02-23 00:00:00,-7.66,15.09,5088.8,5283.58,TRANSITION ZONE
2024-02-26 00:00:00,-13.72,15.16,5069.53,5417.37,NEGATIVE GAMMA
2024-02-27 00:00:00,-10.74,15.13,5078.18,5350.85,NEGATIVE GAMMA
2024-02-28 00:00:00,-3.99,12.84,5069.76,5170.8,TRANSITION ZONE
2024-02-29 00:00:00,-0.27,12.33,5096.27,5103.03,TRANSITION ZONE
2024-03-01 00:00:00,0.09,12.57,5137.08,5134.76,WEAK POSITIVE GAMMA
2024-03-04 00:00:00,-2.27,12.14,5130.95,5189.06,TRANSITION ZONE
2024-03-05 00:00:00,-13.72,13.11,5078.65,5427.11,NEGATIVE GAMMA
2024-03-06 00:00:00,-11.67,13.19,5104.76,5402.52,NEGATIVE GAMMA
2024-03-07 00:00:00,7.27,9.61,5157.36,4969.83,WEAK POSITIVE GAMMA
2024-03-08 00:00:00,-2.36,10.41,5123.69,5184.07,TRANSITION ZONE
2024-03-11 00:00:00,-7.13,10.17,5117.94,5300.35,TRANSITION ZONE
2024-03-12 00:00:00,-2.94,11.39,5175.27,5251.36,TRANSITION ZONE
2024-03-13 00:00:00,-7.69,11.42,5165.31,5364.04,TRANSITION ZONE
2024-03-14 00:00:00,-11.79,11.48,5150.48,5454.06,NEGATIVE GAMMA
2024-03-15 00:00:00,-12.29,11.33,5117.09,5431.48,NEGATIVE GAMMA
2024-03-18 00:00:00,-8.55,11.8,5149.42,5369.53,TRANSITION ZONE
2024-03-19 00:00:00,0.35,10.42,5178.51,5169.44,WEAK POSITIVE GAMMA
2024-03-20 00:00:00,8.07,10.89,5224.62,5013.71,WEAK POSITIVE GAMMA
2024-03-21 00:00:00,15.75,9.99,5241.53,4828.66,POSITIVE GAMMA
2024-03-22 00:00:00,23.33,9.11,5234.18,4623.54,STRONG POSITIVE GAMMA
2024-03-25 00:00:00,18.66,9.35,5218.19,4731.23,POSITIVE GAMMA
2024-03-26 00:00:00,22.73,8.04,5203.58,4612.32,STRONG POSITIVE GAMMA
2024-03-27 00:00:00,20.23,8.83,5248.49,4717.71,STRONG POSITIVE GAMMA
2024-03-28 00:00:00,21.67,8.49,5254.35,4684.93,STRONG POSITIVE GAMMA
2024-04-01 00:00:00,20.5,7.46,5243.77,4706.21,STRONG POSITIVE GAMMA
2024-04-02 00:00:00,10.39,8.53,5205.81,4935.26,POSITIVE GAMMA
2024-04-03 00:00:00,15.68,8.15,5211.49,4802.94,POSITIVE GAMMA
2024-04-04 00:00:00,-3.57,9.08,5147.21,5239.18,TRANSITION ZONE
2024-04-05 00:00:00,-6.58,10.88,5204.34,5375.57,TRANSITION ZONE
2024-04-08 00:00:00,-3.13,10.88,5202.39,5283.86,TRANSITION ZONE
2024-04-09 00:00:00,-0.92,10.83,5209.91,5234.0,TRANSITION ZONE
2024-04-10 00:00:00,-14.01,11.77,5160.64,5522.1,NEGATIVE GAMMA
2024-04-11 00:00:00,-6.53,11.52,5199.06,5368.69,TRANSITION ZONE
2024-04-12 00:00:00,-27.86,13.31,5123.41,5837.19,NEGATIVE GAMMA
2024-04-15 00:00:00,-35.73,14.14,5061.82,5966.01,DEEP NEGATIVE GAMMA
2024-04-16 00:00:00,-25.66,13.99,5051.41,5699.6,NEGATIVE GAMMA
2024-04-17 00:00:00,-20.43,13.85,5022.21,5535.27,NEGATIVE GAMMA
2024-04-18 00:00:00,-15.92,12.98,5011.12,5409.93,NEGATIVE GAMMA
2024-04-19 00:00:00,-2.95,10.73,4967.23,5040.53,TRANSITION ZONE
2024-04-22 00:00:00,-8.98,12.56,5010.6,5235.49,TRANSITION ZONE
2024-04-23 00:00:00,-14.44,14.68,5070.55,5436.61,NEGATIVE GAMMA
2024-04-24 00:00:00,-10.51,14.23,5071.63,5338.16,NEGATIVE GAMMA
2024-04-25 00:00:00,-7.7,13.31,5048.42,5242.78,TRANSITION ZONE
2024-04-26 00:00:00,0.86,13.02,5099.96,5078.15,WEAK POSITIVE GAMMA
2024-04-29 00:00:00,4.91,11.35,5116.17,4990.56,WEAK POSITIVE GAMMA
2024-04-30 00:00:00,-15.02,14.18,5035.69,5413.9,NEGATIVE GAMMA
2024-05-01 00:00:00,-13.65,13.97,5018.39,5360.77,NEGATIVE GAMMA
2024-05-02 00:00:00,-12.47,14.62,5064.2,5379.88,NEGATIVE GAMMA
2024-05-03 00:00:00,-6.1,14.51,5127.79,5284.19,TRANSITION ZONE
2024-05-06 00:00:00,-8.95,14.7,5180.74,5412.45,TRANSITION ZONE
2024-05-07 00:00:00,-3.54,13.91,5187.7,5279.64,TRANSITION ZONE
2024-05-08 00:00:00,-3.54,13.92,5187.67,5279.43,TRANSITION ZONE
2024-05-09 00:00:00,-1.78,13.42,5214.08,5260.37,TRANSITION ZONE
2024-05-10 00:00:00,-1.43,12.86,5222.68,5259.92,TRANSITION ZONE
2024-05-13 00:00:00,-6.54,12.92,5221.42,5392.07,TRANSITION ZONE
2024-05-14 00:00:00,15.55,8.21,5246.68,4838.67,POSITIVE GAMMA
2024-05-15 00:00:00,20.4,7.81,5308.15,4766.7,STRONG POSITIVE GAMMA
2024-05-16 00:00:00,16.6,8.41,5297.1,4857.48,POSITIVE GAMMA
2024-05-17 00:00:00,22.67,7.24,5303.27,4702.1,STRONG POSITIVE GAMMA
2024-05-20 00:00:00,24.34,6.19,5308.13,4662.17,STRONG POSITIVE GAMMA
2024-05-21 00:00:00,24.53,6.16,5321.41,4668.69,STRONG POSITIVE GAMMA
2024-05-22 00:00:00,17.26,6.61,5307.01,4848.99,POSITIVE GAMMA
2024-05-23 00:00:00,11.39,7.96,5267.84,4967.72,POSITIVE GAMMA
2024-05-24 00:00:00,13.94,8.51,5304.72,4934.95,POSITIVE GAMMA
2024-05-28 00:00:00,10.19,8.48,5306.04,5035.75,POSITIVE GAMMA
2024-05-29 00:00:00,4.98,9.36,5266.95,5135.83,WEAK POSITIVE GAMMA
2024-05-30 00:00:00,13.01,7.4,5235.48,4894.98,POSITIVE GAMMA
2024-05-31 00:00:00,10.68,8.74,5277.51,4995.78,POSITIVE GAMMA
2024-06-03 00:00:00,2.84,8.73,5283.4,5208.31,WEAK POSITIVE GAMMA
2024-06-04 00:00:00,2.54,8.76,5291.34,5224.01,WEAK POSITIVE GAMMA
2024-06-05 00:00:00,-2.84,10.64,5354.03,5429.94,TRANSITION ZONE
2024-06-06 00:00:00,-1.58,10.49,5352.96,5395.22,TRANSITION ZONE
2024-06-07 00:00:00,3.26,9.53,5346.99,5259.82,WEAK POSITIVE GAMMA
2024-06-10 00:00:00,5.13,9.07,5360.79,5223.32,WEAK POSITIVE GAMMA
2024-06-11 00:00:00,5.01,9.09,5375.32,5240.71,WEAK POSITIVE GAMMA
2024-06-12 00:00:00,12.67,8.3,5421.03,5077.74,POSITIVE GAMMA
2024-06-13 00:00:00,18.93,6.7,5433.74,4919.36,POSITIVE GAMMA
2024-06-14 00:00:00,17.84,6.52,5431.6,4947.1,POSITIVE GAMMA
2024-06-17 00:00:00,14.88,6.84,5473.23,5066.07,POSITIVE GAMMA
2024-06-18 00:00:00,16.92,6.78,5487.03,5022.96,POSITIVE GAMMA
2024-06-20 00:00:00,17.61,5.68,5473.17,4991.15,POSITIVE GAMMA
2024-06-21 00:00:00,21.91,5.88,5464.62,4865.93,STRONG POSITIVE GAMMA
2024-06-24 00:00:00,16.75,6.24,5447.87,4991.59,POSITIVE GAMMA
2024-06-25 00:00:00,16.61,6.32,5469.3,5015.21,POSITIVE GAMMA
2024-06-26 00:00:00,17.68,6.31,5477.9,4993.65,POSITIVE GAMMA
2024-06-27 00:00:00,22.2,5.14,5482.87,4874.26,STRONG POSITIVE GAMMA
2024-06-28 00:00:00,20.42,5.7,5460.48,4903.02,STRONG POSITIVE GAMMA
2024-07-01 00:00:00,20.46,5.78,5475.09,4915.09,STRONG POSITIVE GAMMA
2024-07-02 00:00:00,21.56,5.32,5509.01,4915.12,STRONG POSITIVE GAMMA
2024-07-03 00:00:00,19.62,5.71,5537.02,4993.78,POSITIVE GAMMA
2024-07-05 00:00:00,21.45,5.77,5567.19,4970.13,STRONG POSITIVE GAMMA
2024-07-08 00:00:00,21.73,5.5,5572.85,4967.37,STRONG POSITIVE GAMMA
2024-07-09 00:00:00,24.32,4.81,5576.98,4898.88,STRONG POSITIVE GAMMA
2024-07-10 00:00:00,14.9,6.2,5633.91,5214.22,POSITIVE GAMMA
2024-07-11 00:00:00,4.09,8.58,5584.54,5470.31,WEAK POSITIVE GAMMA
2024-07-12 00:00:00,5.79,8.74,5615.35,5452.65,WEAK POSITIVE GAMMA
2024-07-15 00:00:00,4.58,7.96,5631.22,5502.36,WEAK POSITIVE GAMMA
2024-07-16 00:00:00,7.59,8.12,5667.2,5452.22,WEAK POSITIVE GAMMA
2024-07-17 00:00:00,-16.72,11.74,5588.27,6055.58,NEGATIVE GAMMA
2024-07-18 00:00:00,-23.88,12.39,5544.59,6206.55,NEGATIVE GAMMA
2024-07-19 00:00:00,-24.13,12.5,5505.0,6169.25,NEGATIVE GAMMA
2024-07-22 00:00:00,-30.85,13.85,5564.41,6422.77,DEEP NEGATIVE GAMMA
2024-07-23 00:00:00,-26.93,13.85,5555.74,6303.78,NEGATIVE GAMMA
2024-07-24 00:00:00,-50.3,16.67,5427.13,6792.03,DEEP NEGATIVE GAMMA
2024-07-25 00:00:00,-42.16,16.46,5399.22,6537.37,DEEP NEGATIVE GAMMA
2024-07-26 00:00:00,-36.78,17.49,5459.1,6463.0,DEEP NEGATIVE GAMMA
2024-07-29 00:00:00,-37.04,17.34,5463.54,6475.44,DEEP NEGATIVE GAMMA
2024-07-30 00:00:00,-36.86,16.54,5436.44,6438.36,DEEP NEGATIVE GAMMA
2024-07-31 00:00:00,-31.59,18.21,5522.3,6394.48,DEEP NEGATIVE GAMMA
2024-08-01 00:00:00,-41.99,19.04,5446.68,6590.26,DEEP NEGATIVE GAMMA
2024-08-02 00:00:00,-44.33,20.73,5346.56,6531.6,DEEP NEGATIVE GAMMA
2024-08-05 00:00:00,-36.74,23.28,5186.33,6139.15,DEEP NEGATIVE GAMMA
2024-08-06 00:00:00,-45.35,24.77,5240.03,6428.19,DEEP NEGATIVE GAMMA
2024-08-07 00:00:00,-40.36,22.83,5199.5,6248.66,DEEP NEGATIVE GAMMA
2024-08-08 00:00:00,-46.47,26.54,5319.31,6555.17,DEEP NEGATIVE GAMMA
2024-08-09 00:00:00,-41.57,25.88,5344.16,6454.87,DEEP NEGATIVE GAMMA
2024-08-12 00:00:00,-41.28,25.86,5344.39,6447.58,DEEP NEGATIVE GAMMA
2024-08-13 00:00:00,-46.33,27.45,5434.43,6693.38,DEEP NEGATIVE GAMMA
2024-08-14 00:00:00,-40.03,26.17,5455.21,6547.12,DEEP NEGATIVE GAMMA
2024-08-15 00:00:00,-41.76,26.44,5543.22,6700.64,DEEP NEGATIVE GAMMA
2024-08-16 00:00:00,-31.18,23.91,5554.25,6420.17,DEEP NEGATIVE GAMMA
2024-08-19 00:00:00,-3.22,14.42,5608.25,5698.62,TRANSITION ZONE
2024-08-20 00:00:00,-7.89,15.13,5597.12,5817.9,TRANSITION ZONE
2024-08-21 00:00:00,0.84,12.99,5620.85,5597.27,WEAK POSITIVE GAMMA
2024-08-22 00:00:00,1.37,12.5,5570.64,5532.4,WEAK POSITIVE GAMMA
2024-08-23 00:00:00,4.55,12.96,5634.61,5506.51,WEAK POSITIVE GAMMA
2024-08-26 00:00:00,-1.58,13.42,5616.84,5661.34,TRANSITION ZONE
2024-08-27 00:00:00,4.21,11.76,5625.8,5507.32,WEAK POSITIVE GAMMA
2024-08-28 00:00:00,-1.82,12.67,5592.18,5642.99,TRANSITION ZONE
2024-08-29 00:00:00,11.08,10.19,5591.96,5282.15,POSITIVE GAMMA
2024-08-30 00:00:00,7.57,11.19,5648.4,5434.61,WEAK POSITIVE GAMMA
2024-09-03 00:00:00,-6.95,15.14,5528.93,5721.05,TRANSITION ZONE
2024-09-04 00:00:00,-3.3,15.14,5520.07,5611.19,TRANSITION ZONE
2024-09-05 00:00:00,-4.94,14.82,5503.41,5639.27,TRANSITION ZONE
2024-09-06 00:00:00,-8.23,16.43,5408.42,5630.85,TRANSITION ZONE
2024-09-09 00:00:00,-14.39,16.45,5471.05,5864.6,NEGATIVE GAMMA
2024-09-10 00:00:00,-12.56,16.87,5495.52,5840.59,NEGATIVE GAMMA
2024-09-11 00:00:00,-14.94,18.0,5554.13,5969.0,NEGATIVE GAMMA
2024-09-12 00:00:00,-13.95,18.28,5595.76,5986.04,NEGATIVE GAMMA
2024-09-13 00:00:00,-9.68,18.47,5626.02,5898.44,TRANSITION ZONE
2024-09-16 00:00:00,-11.42,17.73,5633.09,5954.7,NEGATIVE GAMMA
2024-09-17 00:00:00,1.78,13.29,5634.58,5584.57,WEAK POSITIVE GAMMA
2024-09-18 00:00:00,3.86,13.4,5618.26,5509.73,WEAK POSITIVE GAMMA
2024-09-19 00:00:00,2.38,15.02,5713.64,5645.6,WEAK POSITIVE GAMMA
2024-09-20 00:00:00,21.67,10.13,5702.55,5084.54,STRONG POSITIVE GAMMA
2024-09-23 00:00:00,18.49,9.56,5718.57,5189.93,POSITIVE GAMMA
2024-09-24 00:00:00,17.63,9.61,5732.93,5227.61,POSITIVE GAMMA
2024-09-25 00:00:00,18.76,9.33,5722.26,5185.61,POSITIVE GAMMA
2024-09-26 00:00:00,16.61,9.02,5745.37,5268.09,POSITIVE GAMMA
2024-09-27 00:00:00,19.07,9.07,5738.17,5191.15,POSITIVE GAMMA
2024-09-30 00:00:00,15.45,9.13,5762.48,5317.36,POSITIVE GAMMA
2024-10-01 00:00:00,10.19,10.84,5708.75,5417.84,POSITIVE GAMMA
2024-10-02 00:00:00,12.72,10.61,5709.54,5346.33,POSITIVE GAMMA
2024-10-03 00:00:00,27.34,6.42,5699.94,4920.63,STRONG POSITIVE GAMMA
2024-10-04 00:00:00,31.85,7.79,5751.07,4835.35,STRONG POSITIVE GAMMA
2024-10-07 00:00:00,29.58,9.27,5695.94,4853.48,STRONG POSITIVE GAMMA
2024-10-08 00:00:00,30.81,10.51,5751.13,4865.25,STRONG POSITIVE GAMMA
2024-10-09 00:00:00,31.43,10.94,5792.04,4881.72,STRONG POSITIVE GAMMA
2024-10-10 00:00:00,35.65,10.93,5780.05,4749.76,STRONG POSITIVE GAMMA
2024-10-11 00:00:00,36.59,11.19,5815.03,4751.28,STRONG POSITIVE GAMMA
2024-10-14 00:00:00,34.96,11.57,5859.85,4835.47,STRONG POSITIVE GAMMA
2024-10-15 00:00:00,36.41,11.13,5815.26,4756.5,STRONG POSITIVE GAMMA
2024-10-16 00:00:00,32.2,11.17,5842.47,4901.71,STRONG POSITIVE GAMMA
2024-10-17 00:00:00,33.31,11.04,5841.47,4868.7,STRONG POSITIVE GAMMA
2024-10-18 00:00:00,34.84,10.49,5864.67,4843.06,STRONG POSITIVE GAMMA
2024-10-21 00:00:00,33.76,8.65,5853.98,4865.86,STRONG POSITIVE GAMMA
2024-10-22 00:00:00,36.78,7.84,5851.2,4775.25,STRONG POSITIVE GAMMA
2024-10-23 00:00:00,27.86,8.92,5797.42,4989.77,STRONG POSITIVE GAMMA
2024-10-24 00:00:00,26.19,8.89,5809.86,5049.18,STRONG POSITIVE GAMMA
2024-10-25 00:00:00,25.83,8.34,5808.12,5057.94,STRONG POSITIVE GAMMA
2024-10-28 00:00:00,19.05,7.34,5823.52,5268.84,POSITIVE GAMMA
2024-10-29 00:00:00,18.89,6.25,5832.92,5282.09,POSITIVE GAMMA
2024-10-30 00:00:00,18.34,5.97,5813.67,5280.64,POSITIVE GAMMA
2024-10-31 00:00:00,1.31,10.94,5705.45,5668.06,WEAK POSITIVE GAMMA
2024-11-01 00:00:00,3.99,10.96,5728.8,5614.44,WEAK POSITIVE GAMMA
2024-11-04 00:00:00,-5.55,10.96,5712.69,5871.19,TRANSITION ZONE
2024-11-05 00:00:00,-12.81,13.21,5782.76,6153.24,NEGATIVE GAMMA
2024-11-06 00:00:00,-9.77,17.75,5929.04,6218.79,TRANSITION ZONE
2024-11-07 00:00:00,-1.64,17.94,5973.1,6021.95,TRANSITION ZONE
2024-11-08 00:00:00,-1.2,17.86,5995.54,6031.64,TRANSITION ZONE
2024-11-11 00:00:00,-6.0,17.89,6001.35,6181.53,TRANSITION ZONE
2024-11-12 00:00:00,-10.2,18.13,5983.99,6289.24,NEGATIVE GAMMA
2024-11-13 00:00:00,-15.12,17.9,5985.38,6437.93,NEGATIVE GAMMA
2024-11-14 00:00:00,-3.19,14.37,5949.17,6043.98,TRANSITION ZONE
2024-11-15 00:00:00,-14.16,16.84,5870.62,6286.32,NEGATIVE GAMMA
2024-11-18 00:00:00,-10.72,16.59,5893.62,6209.61,NEGATIVE GAMMA
2024-11-19 00:00:00,-4.74,15.82,5916.98,6057.35,TRANSITION ZONE
2024-11-20 00:00:00,18.25,9.5,5917.11,5377.29,POSITIVE GAMMA
2024-11-21 00:00:00,23.44,9.08,5948.71,5251.57,STRONG POSITIVE GAMMA
2024-11-22 00:00:00,28.8,9.05,5969.34,5109.7,STRONG POSITIVE GAMMA
2024-11-25 00:00:00,24.31,9.19,5987.37,5259.52,STRONG POSITIVE GAMMA
2024-11-26 00:00:00,22.74,9.5,6021.63,5336.87,STRONG POSITIVE GAMMA
2024-11-27 00:00:00,23.82,9.76,5998.74,5284.44,STRONG POSITIVE GAMMA
2024-11-29 00:00:00,21.74,9.41,6032.38,5376.69,STRONG POSITIVE GAMMA
2024-12-02 00:00:00,33.76,4.64,6047.15,5026.33,STRONG POSITIVE GAMMA
2024-12-03 00:00:00,32.28,4.77,6049.88,5073.57,STRONG POSITIVE GAMMA
2024-12-04 00:00:00,32.57,5.04,6086.49,5095.33,STRONG POSITIVE GAMMA
2024-12-05 00:00:00,31.16,5.41,6075.11,5128.5,STRONG POSITIVE GAMMA
2024-12-06 00:00:00,30.65,5.2,6090.27,5157.07,STRONG POSITIVE GAMMA
2024-12-09 00:00:00,20.36,6.66,6052.85,5436.75,STRONG POSITIVE GAMMA
2024-12-10 00:00:00,17.23,6.92,6034.91,5515.1,POSITIVE GAMMA
2024-12-11 00:00:00,14.28,7.49,6084.19,5649.87,POSITIVE GAMMA
2024-12-12 00:00:00,14.1,7.82,6051.25,5624.58,POSITIVE GAMMA
2024-12-13 00:00:00,19.4,7.37,6051.09,5464.23,POSITIVE GAMMA
2024-12-16 00:00:00,20.98,7.5,6074.08,5436.81,STRONG POSITIVE GAMMA
2024-12-17 00:00:00,21.11,7.81,6050.61,5411.97,STRONG POSITIVE GAMMA
2024-12-18 00:00:00,-33.76,16.3,5872.16,6863.31,DEEP NEGATIVE GAMMA
2024-12-19 00:00:00,-15.83,16.34,5867.08,6331.41,NEGATIVE GAMMA
2024-12-20 00:00:00,-16.86,17.67,5930.85,6430.72,NEGATIVE GAMMA
2024-12-23 00:00:00,-18.32,18.2,5974.07,6521.28,NEGATIVE GAMMA
2024-12-24 00:00:00,-16.04,19.17,6040.04,6524.32,NEGATIVE GAMMA
2024-12-26 00:00:00,-9.35,18.64,6037.59,6319.7,TRANSITION ZONE
2024-12-27 00:00:00,-13.88,19.24,5970.84,6385.11,NEGATIVE GAMMA
2024-12-30 00:00:00,-20.77,19.78,5906.94,6520.31,NEGATIVE GAMMA
2024-12-31 00:00:00,-19.98,19.49,5881.63,6469.16,NEGATIVE GAMMA
2025-01-02 00:00:00,-23.28,19.49,5868.55,6551.56,NEGATIVE GAMMA
2025-01-03 00:00:00,1.87,13.96,5942.47,5886.91,WEAK POSITIVE GAMMA
2025-01-06 00:00:00,0.47,14.07,5975.38,5961.3,WEAK POSITIVE GAMMA
2025-01-07 00:00:00,-1.43,14.46,5909.03,5951.23,TRANSITION ZONE
2025-01-08 00:00:00,1.67,13.89,5918.25,5868.7,WEAK POSITIVE GAMMA
2025-01-10 00:00:00,-0.35,13.9,5827.04,5837.3,TRANSITION ZONE
2025-01-13 00:00:00,-5.74,14.06,5836.22,6003.76,TRANSITION ZONE
2025-01-14 00:00:00,-4.24,13.51,5842.91,5966.8,TRANSITION ZONE
2025-01-15 00:00:00,-4.21,15.93,5949.91,6075.25,TRANSITION ZONE
2025-01-16 00:00:00,-5.47,15.78,5937.34,6099.81,TRANSITION ZONE
2025-01-17 00:00:00,-4.64,16.27,5996.66,6135.8,TRANSITION ZONE
2025-01-21 00:00:00,-5.86,15.69,6049.24,6226.39,TRANSITION ZONE
2025-01-22 00:00:00,-3.36,15.74,6086.37,6188.61,TRANSITION ZONE
2025-01-23 00:00:00,0.83,14.0,6118.71,6093.35,WEAK POSITIVE GAMMA
2025-01-24 00:00:00,-0.1,14.34,6101.24,6104.25,TRANSITION ZONE
2025-01-27 00:00:00,-8.54,14.04,6012.28,6268.87,TRANSITION ZONE
2025-01-28 00:00:00,-9.07,14.32,6067.7,6342.74,TRANSITION ZONE
2025-01-29 00:00:00,-10.34,14.92,6039.31,6351.68,NEGATIVE GAMMA
2025-01-30 00:00:00,-0.08,12.55,6071.17,6073.5,TRANSITION ZONE
2025-01-31 00:00:00,-2.8,12.9,6040.53,6125.15,TRANSITION ZONE
2025-02-03 00:00:00,-4.15,12.78,5994.57,6119.08,TRANSITION ZONE
2025-02-04 00:00:00,0.2,12.51,6037.88,6031.91,WEAK POSITIVE GAMMA
2025-02-05 00:00:00,3.03,12.24,6061.48,5969.66,WEAK POSITIVE GAMMA
2025-02-06 00:00:00,4.56,12.05,6083.57,5944.83,WEAK POSITIVE GAMMA
2025-02-07 00:00:00,2.98,12.84,6025.99,5936.3,WEAK POSITIVE GAMMA
2025-02-10 00:00:00,12.18,10.91,6066.44,5696.9,POSITIVE GAMMA
2025-02-11 00:00:00,15.25,9.89,6068.5,5605.87,POSITIVE GAMMA
2025-02-12 00:00:00,15.74,9.67,6051.97,5575.81,POSITIVE GAMMA
2025-02-13 00:00:00,14.39,10.71,6115.07,5675.14,POSITIVE GAMMA
2025-02-14 00:00:00,17.36,10.23,6114.63,5583.87,POSITIVE GAMMA
2025-02-18 00:00:00,18.07,8.96,6129.58,5575.88,POSITIVE GAMMA
2025-02-19 00:00:00,21.44,8.53,6144.15,5485.63,STRONG POSITIVE GAMMA
2025-02-20 00:00:00,20.88,8.94,6117.52,5478.76,STRONG POSITIVE GAMMA
2025-02-21 00:00:00,0.71,12.56,6013.13,5991.66,WEAK POSITIVE GAMMA
2025-02-24 00:00:00,1.95,11.91,5983.25,5924.89,WEAK POSITIVE GAMMA
2025-02-25 00:00:00,1.6,11.28,5955.25,5907.71,WEAK POSITIVE GAMMA
2025-02-26 00:00:00,2.19,11.27,5956.06,5890.74,WEAK POSITIVE GAMMA
2025-02-27 00:00:00,-6.57,13.33,5861.57,6054.02,TRANSITION ZONE
2025-02-28 00:00:00,-5.59,15.02,5954.5,6121.03,TRANSITION ZONE
2025-03-03 00:00:00,-17.25,16.7,5849.72,6354.22,NEGATIVE GAMMA
2025-03-04 00:00:00,-16.26,16.64,5778.15,6247.86,NEGATIVE GAMMA
2025-03-05 00:00:00,-18.35,18.34,5842.63,6378.75,NEGATIVE GAMMA
2025-03-06 00:00:00,-24.27,19.44,5738.52,6434.87,NEGATIVE GAMMA
2025-03-07 00:00:00,-20.78,19.25,5770.2,6369.7,NEGATIVE GAMMA
2025-03-10 00:00:00,-38.69,22.52,5614.56,6700.61,DEEP NEGATIVE GAMMA
2025-03-11 00:00:00,-35.0,22.51,5572.07,6547.27,DEEP NEGATIVE GAMMA
2025-03-12 00:00:00,-33.71,23.03,5599.3,6542.97,DEEP NEGATIVE GAMMA
2025-03-13 00:00:00,-27.99,22.81,5521.52,6294.24,NEGATIVE GAMMA
2025-03-14 00:00:00,-27.83,24.33,5638.94,6423.47,NEGATIVE GAMMA
2025-03-17 00:00:00,-25.03,23.93,5675.12,6385.28,NEGATIVE GAMMA
2025-03-18 00:00:00,-23.9,23.77,5614.66,6285.59,NEGATIVE GAMMA
2025-03-19 00:00:00,-20.21,23.71,5675.29,6248.82,NEGATIVE GAMMA
2025-03-20 00:00:00,-9.98,22.17,5662.89,5945.56,TRANSITION ZONE
2025-03-21 00:00:00,-11.67,21.89,5667.56,5998.21,NEGATIVE GAMMA
2025-03-24 00:00:00,-5.93,18.56,5767.57,5938.65,TRANSITION ZONE
2025-03-25 00:00:00,-4.03,17.69,5776.65,5893.02,TRANSITION ZONE
2025-03-26 00:00:00,-14.11,19.15,5712.2,6115.33,NEGATIVE GAMMA
2025-03-27 00:00:00,-5.81,17.31,5693.31,5858.81,TRANSITION ZONE
2025-03-28 00:00:00,-8.74,17.62,5580.94,5824.96,TRANSITION ZONE
2025-03-31 00:00:00,-13.28,17.52,5611.85,5984.54,NEGATIVE GAMMA
2025-04-01 00:00:00,-10.38,16.79,5633.07,5925.5,NEGATIVE GAMMA
2025-04-02 00:00:00,-16.93,16.2,5670.97,6150.92,NEGATIVE GAMMA
2025-04-03 00:00:00,-54.06,29.75,5396.52,6855.32,DEEP NEGATIVE GAMMA
2025-04-04 00:00:00,-93.11,40.87,5074.08,7436.27,DEEP NEGATIVE GAMMA
2025-04-07 00:00:00,-91.17,38.11,5062.25,7369.94,DEEP NEGATIVE GAMMA
2025-04-08 00:00:00,-75.51,37.23,4982.77,6863.99,DEEP NEGATIVE GAMMA
2025-04-09 00:00:00,-105.0,64.94,5456.9,8321.77,DEEP NEGATIVE GAMMA
2025-04-10 00:00:00,-105.0,66.72,5268.05,8033.78,DEEP NEGATIVE GAMMA
2025-04-11 00:00:00,-105.0,67.49,5363.36,8179.12,DEEP NEGATIVE GAMMA
2025-04-14 00:00:00,-105.0,67.6,5405.97,8244.1,DEEP NEGATIVE GAMMA
2025-04-15 00:00:00,-105.0,67.48,5396.63,8229.86,DEEP NEGATIVE GAMMA
2025-04-16 00:00:00,-105.0,67.75,5275.7,8045.44,DEEP NEGATIVE GAMMA
2025-04-17 00:00:00,-101.93,63.52,5282.7,7975.05,DEEP NEGATIVE GAMMA
2025-04-21 00:00:00,-95.09,56.01,5158.2,7610.61,DEEP NEGATIVE GAMMA
2025-04-22 00:00:00,-99.55,57.11,5287.76,7919.66,DEEP NEGATIVE GAMMA
2025-04-23 00:00:00,-97.03,56.21,5375.86,7983.95,DEEP NEGATIVE GAMMA
2025-04-24 00:00:00,-28.33,33.47,5484.77,6261.62,NEGATIVE GAMMA
2025-04-25 00:00:00,-5.32,26.92,5525.21,5672.31,TRANSITION ZONE
2025-04-28 00:00:00,-3.72,25.94,5528.75,5631.54,TRANSITION ZONE
2025-04-29 00:00:00,-6.92,25.85,5560.83,5753.32,TRANSITION ZONE
2025-04-30 00:00:00,-6.8,25.74,5569.06,5758.53,TRANSITION ZONE
2025-05-01 00:00:00,3.3,21.34,5604.14,5511.79,WEAK POSITIVE GAMMA
2025-05-02 00:00:00,6.21,21.56,5686.67,5510.09,WEAK POSITIVE GAMMA
2025-05-05 00:00:00,21.68,15.38,5650.38,5038.02,STRONG POSITIVE GAMMA
2025-05-06 00:00:00,22.13,14.74,5606.91,4986.42,STRONG POSITIVE GAMMA
2025-05-07 00:00:00,25.12,13.48,5631.28,4924.13,STRONG POSITIVE GAMMA
2025-05-08 00:00:00,31.57,10.49,5663.94,4769.95,STRONG POSITIVE GAMMA
2025-05-09 00:00:00,28.37,10.38,5659.91,4856.96,STRONG POSITIVE GAMMA
2025-05-12 00:00:00,5.05,18.03,5844.19,5696.54,WEAK POSITIVE GAMMA
2025-05-13 00:00:00,7.51,18.05,5886.55,5665.48,WEAK POSITIVE GAMMA
2025-05-14 00:00:00,7.31,18.08,5892.58,5677.24,WEAK POSITIVE GAMMA
2025-05-15 00:00:00,8.77,18.09,5916.93,5657.38,WEAK POSITIVE GAMMA
2025-05-16 00:00:00,13.58,17.4,5958.38,5553.91,POSITIVE GAMMA
2025-05-19 00:00:00,7.15,16.46,5963.6,5750.41,WEAK POSITIVE GAMMA
2025-05-20 00:00:00,7.91,15.7,5940.46,5705.44,WEAK POSITIVE GAMMA
2025-05-21 00:00:00,-1.13,19.24,5844.61,5877.57,TRANSITION ZONE
2025-05-22 00:00:00,-1.08,19.3,5842.01,5873.55,TRANSITION ZONE
2025-05-23 00:00:00,-2.02,19.86,5802.82,5861.48,TRANSITION ZONE
2025-05-27 00:00:00,6.95,15.32,5921.54,5715.75,WEAK POSITIVE GAMMA
2025-05-28 00:00:00,7.56,15.28,5888.55,5665.9,WEAK POSITIVE GAMMA
2025-05-29 00:00:00,11.44,15.41,5912.17,5573.95,POSITIVE GAMMA
2025-05-30 00:00:00,11.97,15.26,5911.69,5557.93,POSITIVE GAMMA
2025-06-02 00:00:00,11.13,14.95,5935.94,5605.7,POSITIVE GAMMA
2025-06-03 00:00:00,7.34,15.27,5970.37,5751.2,WEAK POSITIVE GAMMA
2025-06-04 00:00:00,10.09,15.11,5970.81,5669.53,POSITIVE GAMMA
2025-06-05 00:00:00,15.76,12.47,5939.3,5471.17,POSITIVE GAMMA
2025-06-06 00:00:00,17.06,13.11,6000.36,5488.46,POSITIVE GAMMA
2025-06-09 00:00:00,17.59,12.1,6005.88,5477.73,POSITIVE GAMMA
2025-06-10 00:00:00,27.76,7.89,6038.81,5200.58,STRONG POSITIVE GAMMA
2025-06-11 00:00:00,28.1,7.23,6022.24,5176.04,STRONG POSITIVE GAMMA
2025-06-12 00:00:00,30.66,7.22,6045.26,5118.48,STRONG POSITIVE GAMMA
2025-06-13 00:00:00,22.63,9.94,5976.97,5300.8,STRONG POSITIVE GAMMA
2025-06-16 00:00:00,18.45,10.7,6033.11,5476.62,POSITIVE GAMMA
2025-06-17 00:00:00,12.68,11.49,5982.72,5603.33,POSITIVE GAMMA
2025-06-18 00:00:00,16.29,11.5,5980.87,5493.8,POSITIVE GAMMA
2025-06-20 00:00:00,21.06,11.19,5967.84,5339.48,STRONG POSITIVE GAMMA
2025-06-23 00:00:00,23.0,11.03,6025.17,5332.24,STRONG POSITIVE GAMMA
2025-06-24 00:00:00,17.86,12.26,6092.18,5548.29,POSITIVE GAMMA
2025-06-25 00:00:00,21.58,12.06,6092.16,5434.68,STRONG POSITIVE GAMMA
2025-06-26 00:00:00,22.19,12.36,6141.02,5459.63,STRONG POSITIVE GAMMA
2025-06-27 00:00:00,23.28,12.44,6173.07,5454.48,STRONG POSITIVE GAMMA
2025-06-30 00:00:00,28.97,9.95,6204.95,5306.22,STRONG POSITIVE GAMMA
2025-07-01 00:00:00,27.94,9.68,6198.01,5332.28,STRONG POSITIVE GAMMA
2025-07-02 00:00:00,35.91,7.46,6227.42,5109.34,STRONG POSITIVE GAMMA
2025-07-03 00:00:00,35.16,7.32,6279.35,5175.46,STRONG POSITIVE GAMMA
2025-07-07 00:00:00,24.53,9.19,6229.98,5465.75,STRONG POSITIVE GAMMA
2025-07-08 00:00:00,26.07,8.98,6225.52,5414.05,STRONG POSITIVE GAMMA
2025-07-09 00:00:00,29.29,8.07,6263.26,5346.13,STRONG POSITIVE GAMMA
2025-07-10 00:00:00,29.29,7.92,6280.46,5360.58,STRONG POSITIVE GAMMA
2025-07-11 00:00:00,27.36,7.98,6259.75,5403.32,STRONG POSITIVE GAMMA
2025-07-14 00:00:00,28.67,7.77,6268.56,5369.86,STRONG POSITIVE GAMMA
2025-07-15 00:00:00,27.89,7.92,6243.76,5373.11,STRONG POSITIVE GAMMA
2025-07-16 00:00:00,28.5,7.95,6263.7,5371.16,STRONG POSITIVE GAMMA
2025-07-17 00:00:00,28.86,8.04,6297.36,5388.6,STRONG POSITIVE GAMMA
2025-07-18 00:00:00,33.46,6.97,6296.79,5243.2,STRONG POSITIVE GAMMA
2025-07-21 00:00:00,34.16,5.28,6305.6,5228.58,STRONG POSITIVE GAMMA
2025-07-22 00:00:00,35.44,5.18,6309.62,5191.42,STRONG POSITIVE GAMMA
2025-07-23 00:00:00,32.94,5.67,6358.91,5311.68,STRONG POSITIVE GAMMA
2025-07-24 00:00:00,30.72,5.64,6363.35,5386.01,STRONG POSITIVE GAMMA
2025-07-25 00:00:00,33.83,5.14,6388.64,5307.89,STRONG POSITIVE GAMMA
2025-07-28 00:00:00,33.5,5.21,6389.77,5319.45,STRONG POSITIVE GAMMA
2025-07-29 00:00:00,30.04,4.91,6370.86,5413.86,STRONG POSITIVE GAMMA
2025-07-30 00:00:00,29.25,5.12,6362.9,5432.42,STRONG POSITIVE GAMMA
2025-07-31 00:00:00,26.22,5.26,6339.39,5508.22,STRONG POSITIVE GAMMA
2025-08-01 00:00:00,4.54,9.96,6238.01,6096.4,WEAK POSITIVE GAMMA
2025-08-04 00:00:00,1.51,12.67,6329.94,6282.05,WEAK POSITIVE GAMMA
2025-08-05 00:00:00,-0.4,12.94,6299.19,6311.73,TRANSITION ZONE
2025-08-06 00:00:00,1.01,12.85,6345.06,6312.98,WEAK POSITIVE GAMMA
2025-08-07 00:00:00,1.48,12.85,6340.0,6293.01,WEAK POSITIVE GAMMA
2025-08-08 00:00:00,5.03,13.34,6389.45,6228.84,WEAK POSITIVE GAMMA
2025-08-11 00:00:00,-4.6,13.4,6373.45,6519.99,TRANSITION ZONE
2025-08-12 00:00:00,-2.57,14.46,6445.76,6528.44,TRANSITION ZONE
2025-08-13 00:00:00,-6.27,14.42,6466.58,6669.25,TRANSITION ZONE
2025-08-14 00:00:00,-5.06,14.15,6468.54,6632.26,TRANSITION ZONE
2025-08-15 00:00:00,7.05,10.48,6449.8,6222.49,WEAK POSITIVE GAMMA
2025-08-18 00:00:00,13.22,8.45,6449.15,6022.79,POSITIVE GAMMA
2025-08-19 00:00:00,5.32,8.69,6411.37,6240.93,WEAK POSITIVE GAMMA
2025-08-20 00:00:00,7.55,8.33,6395.78,6154.25,WEAK POSITIVE GAMMA
2025-08-21 00:00:00,5.46,8.65,6370.17,6196.27,WEAK POSITIVE GAMMA
2025-08-22 00:00:00,9.28,10.87,6466.91,6166.89,WEAK POSITIVE GAMMA
2025-08-25 00:00:00,4.98,11.07,6439.32,6278.89,WEAK POSITIVE GAMMA
2025-08-26 00:00:00,11.69,9.71,6465.94,6088.06,POSITIVE GAMMA
2025-08-27 00:00:00,10.15,9.65,6481.4,6152.32,POSITIVE GAMMA
2025-08-28 00:00:00,16.09,9.76,6501.86,5978.81,POSITIVE GAMMA
2025-08-29 00:00:00,8.13,10.26,6460.26,6197.5,WEAK POSITIVE GAMMA
2025-09-02 00:00:00,-1.1,10.86,6415.54,6450.74,TRANSITION ZONE
2025-09-03 00:00:00,4.01,10.74,6448.26,6319.13,WEAK POSITIVE GAMMA
2025-09-04 00:00:00,4.14,11.24,6502.08,6367.5,WEAK POSITIVE GAMMA
2025-09-05 00:00:00,6.99,11.13,6481.5,6255.05,WEAK POSITIVE GAMMA
2025-09-08 00:00:00,17.34,8.33,6495.15,5931.93,POSITIVE GAMMA
2025-09-09 00:00:00,18.97,7.95,6512.61,5894.92,POSITIVE GAMMA
2025-09-10 00:00:00,11.88,7.85,6532.04,6144.03,POSITIVE GAMMA
2025-09-11 00:00:00,12.56,8.69,6587.47,6173.7,POSITIVE GAMMA
2025-09-12 00:00:00,12.75,8.71,6584.29,6164.39,POSITIVE GAMMA
2025-09-15 00:00:00,13.34,7.69,6615.28,6174.19,POSITIVE GAMMA
2025-09-16 00:00:00,13.75,6.14,6606.76,6152.7,POSITIVE GAMMA
2025-09-17 00:00:00,21.54,6.3,6600.35,5889.57,STRONG POSITIVE GAMMA
2025-09-18 00:00:00,25.79,5.56,6631.96,5776.71,STRONG POSITIVE GAMMA
2025-09-19 00:00:00,32.05,4.91,6664.36,5596.42,STRONG POSITIVE GAMMA
2025-09-22 00:00:00,25.97,4.95,6693.75,5824.42,STRONG POSITIVE GAMMA
2025-09-23 00:00:00,18.82,6.56,6656.92,6030.59,POSITIVE GAMMA
2025-09-24 00:00:00,19.85,7.0,6637.97,5979.15,POSITIVE GAMMA
2025-09-25 00:00:00,20.31,6.57,6604.72,5933.91,STRONG POSITIVE GAMMA
2025-09-26 00:00:00,24.49,7.12,6643.7,5830.07,STRONG POSITIVE GAMMA
2025-09-29 00:00:00,21.91,6.88,6661.21,5931.44,STRONG POSITIVE GAMMA
2025-09-30 00:00:00,23.58,6.98,6688.46,5899.81,STRONG POSITIVE GAMMA
2025-10-01 00:00:00,29.6,6.93,6711.2,5717.97,STRONG POSITIVE GAMMA
2025-10-02 00:00:00,31.49,6.72,6715.35,5657.87,STRONG POSITIVE GAMMA
2025-10-03 00:00:00,32.1,6.42,6715.79,5637.86,STRONG POSITIVE GAMMA
2025-10-06 00:00:00,29.96,6.31,6740.28,5730.7,STRONG POSITIVE GAMMA
2025-10-07 00:00:00,26.46,5.89,6714.59,5826.19,STRONG POSITIVE GAMMA
2025-10-08 00:00:00,30.26,5.96,6753.72,5731.88,STRONG POSITIVE GAMMA
2025-10-09 00:00:00,29.14,5.32,6735.11,5753.83,STRONG POSITIVE GAMMA
2025-10-10 00:00:00,-30.31,15.35,6552.51,7545.64,DEEP NEGATIVE GAMMA
2025-10-13 00:00:00,-27.89,17.49,6654.72,7582.68,NEGATIVE GAMMA
2025-10-14 00:00:00,-28.93,17.34,6644.31,7605.35,NEGATIVE GAMMA
2025-10-15 00:00:00,-27.76,17.39,6671.06,7597.03,NEGATIVE GAMMA
2025-10-16 00:00:00,-30.62,17.6,6629.07,7644.06,DEEP NEGATIVE GAMMA
2025-10-17 00:00:00,-18.47,17.9,6664.01,7279.51,NEGATIVE GAMMA
2025-10-20 00:00:00,-20.09,18.71,6735.13,7411.72,NEGATIVE GAMMA
2025-10-21 00:00:00,-19.41,18.59,6735.35,7389.06,NEGATIVE GAMMA
2025-10-22 00:00:00,-21.84,18.51,6699.4,7430.98,NEGATIVE GAMMA
2025-10-23 00:00:00,-17.78,18.75,6738.44,7337.42,NEGATIVE GAMMA
2025-10-24 00:00:00,11.1,11.03,6791.69,6414.63,POSITIVE GAMMA
2025-10-27 00:00:00,12.18,10.13,6875.16,6456.61,POSITIVE GAMMA
2025-10-28 00:00:00,11.32,9.79,6890.89,6500.76,POSITIVE GAMMA
2025-10-29 00:00:00,13.28,9.96,6890.59,6432.9,POSITIVE GAMMA
2025-10-30 00:00:00,9.55,11.04,6822.34,6496.41,WEAK POSITIVE GAMMA
2025-10-31 00:00:00,11.67,10.96,6840.2,6440.98,POSITIVE GAMMA
2025-11-03 00:00:00,12.92,10.01,6851.97,6409.33,POSITIVE GAMMA
2025-11-04 00:00:00,2.44,12.11,6771.55,6688.84,WEAK POSITIVE GAMMA
2025-11-05 00:00:00,7.5,11.73,6796.29,6541.26,WEAK POSITIVE GAMMA
2025-11-06 00:00:00,0.56,13.0,6720.32,6701.55,WEAK POSITIVE GAMMA
2025-11-07 00:00:00,4.79,12.24,6728.8,6567.57,WEAK POSITIVE GAMMA
2025-11-10 00:00:00,2.37,13.22,6832.43,6751.48,WEAK POSITIVE GAMMA
2025-11-11 00:00:00,5.45,13.21,6846.61,6660.2,WEAK POSITIVE GAMMA
2025-11-12 00:00:00,3.03,13.22,6850.92,6746.99,WEAK POSITIVE GAMMA
2025-11-13 00:00:00,-6.95,14.89,6737.49,6971.48,TRANSITION ZONE
2025-11-14 00:00:00,-3.33,14.74,6734.11,6846.16,TRANSITION ZONE
2025-11-17 00:00:00,-12.08,15.08,6672.41,7075.5,NEGATIVE GAMMA
2025-11-18 00:00:00,-10.9,14.58,6617.32,6977.94,NEGATIVE GAMMA
2025-11-19 00:00:00,-5.88,14.59,6642.16,6837.33,TRANSITION ZONE
2025-11-20 00:00:00,-7.51,15.5,6538.76,6784.27,TRANSITION ZONE
2025-11-21 00:00:00,-4.91,16.66,6602.99,6765.13,TRANSITION ZONE
2025-11-24 00:00:00,0.16,16.68,6705.12,6699.86,WEAK POSITIVE GAMMA
2025-11-25 00:00:00,3.48,17.48,6765.88,6648.29,WEAK POSITIVE GAMMA
2025-11-26 00:00:00,3.97,17.94,6812.61,6677.31,WEAK POSITIVE GAMMA
2025-11-28 00:00:00,10.68,15.66,6849.09,6483.2,POSITIVE GAMMA
2025-12-01 00:00:00,0.32,16.02,6812.63,6801.85,WEAK POSITIVE GAMMA
2025-12-02 00:00:00,3.0,14.95,6829.37,6726.92,WEAK POSITIVE GAMMA
2025-12-03 00:00:00,6.12,13.73,6849.72,6640.19,WEAK POSITIVE GAMMA
2025-12-04 00:00:00,4.24,13.77,6857.12,6711.58,WEAK POSITIVE GAMMA
2025-12-05 00:00:00,19.52,9.04,6870.4,6199.97,POSITIVE GAMMA
2025-12-08 00:00:00,14.02,9.5,6846.51,6366.5,POSITIVE GAMMA
2025-12-09 00:00:00,23.01,7.07,6840.51,6053.41,STRONG POSITIVE GAMMA
2025-12-10 00:00:00,23.69,6.5,6886.68,6071.11,STRONG POSITIVE GAMMA
2025-12-11 00:00:00,30.09,5.86,6901.0,5862.67,STRONG POSITIVE GAMMA
2025-12-12 00:00:00,21.62,7.93,6827.41,6089.21,STRONG POSITIVE GAMMA
2025-12-15 00:00:00,24.11,7.48,6816.51,5994.94,STRONG POSITIVE GAMMA
2025-12-16 00:00:00,26.1,7.44,6800.26,5912.7,STRONG POSITIVE GAMMA
2025-12-17 00:00:00,17.14,9.02,6721.43,6145.5,POSITIVE GAMMA
2025-12-18 00:00:00,19.46,10.22,6774.76,6115.44,POSITIVE GAMMA
2025-12-19 00:00:00,23.1,11.33,6834.5,6045.09,STRONG POSITIVE GAMMA
2025-12-22 00:00:00,18.91,11.69,6878.49,6227.98,POSITIVE GAMMA
2025-12-23 00:00:00,18.87,11.83,6909.79,6257.84,POSITIVE GAMMA
2025-12-24 00:00:00,22.38,11.48,6932.05,6156.3,STRONG POSITIVE GAMMA
2025-12-26 00:00:00,20.53,11.46,6929.94,6218.48,STRONG POSITIVE GAMMA
2025-12-29 00:00:00,20.67,9.97,6905.74,6192.1,STRONG POSITIVE GAMMA
2025-12-30 00:00:00,19.26,9.96,6896.24,6232.01,POSITIVE GAMMA
2025-12-31 00:00:00,13.8,10.74,6845.5,6373.32,POSITIVE GAMMA
2026-01-02 00:00:00,22.2,8.25,6858.47,6097.24,STRONG POSITIVE GAMMA
2026-01-05 00:00:00,24.07,7.97,6902.05,6071.25,STRONG POSITIVE GAMMA
2026-01-06 00:00:00,28.6,7.43,6944.82,5951.83,STRONG POSITIVE GAMMA
2026-01-07 00:00:00,29.46,7.29,6920.93,5901.51,STRONG POSITIVE GAMMA
2026-01-08 00:00:00,31.95,6.95,6921.46,5815.89,STRONG POSITIVE GAMMA
2026-01-09 00:00:00,32.02,7.52,6966.28,5850.85,STRONG POSITIVE GAMMA
2026-01-12 00:00:00,28.74,7.52,6977.27,5974.8,STRONG POSITIVE GAMMA
2026-01-13 00:00:00,27.08,7.31,6963.74,6020.83,STRONG POSITIVE GAMMA
2026-01-14 00:00:00,24.68,7.9,6926.6,6071.86,STRONG POSITIVE GAMMA
2026-01-15 00:00:00,29.28,6.62,6944.47,5927.87,STRONG POSITIVE GAMMA
2026-01-16 00:00:00,27.96,6.69,6940.01,5969.68,STRONG POSITIVE GAMMA
2026-01-20 00:00:00,-6.15,12.35,6796.86,7005.76,TRANSITION ZONE
2026-01-21 00:00:00,-6.42,13.52,6875.62,7096.45,TRANSITION ZONE
2026-01-22 00:00:00,-4.77,13.8,6913.35,7078.39,TRANSITION ZONE
2026-01-23 00:00:00,-7.35,13.81,6915.61,7169.6,TRANSITION ZONE
2026-01-26 00:00:00,-4.41,13.63,6950.23,7103.31,TRANSITION ZONE
2026-01-27 00:00:00,0.47,13.78,6978.6,6962.07,WEAK POSITIVE GAMMA
2026-01-28 00:00:00,0.13,13.74,6978.03,6973.34,WEAK POSITIVE GAMMA
2026-01-29 00:00:00,0.38,13.43,6969.01,6955.68,WEAK POSITIVE GAMMA
2026-01-30 00:00:00,-2.39,13.59,6939.03,7021.83,TRANSITION ZONE
2026-02-02 00:00:00,-0.91,13.85,6976.44,7008.06,TRANSITION ZONE
2026-02-03 00:00:00,13.63,9.07,6917.81,6446.48,POSITIVE GAMMA
2026-02-04 00:00:00,14.64,7.81,6882.72,6378.93,POSITIVE GAMMA
2026-02-05 00:00:00,8.04,9.34,6798.4,6525.25,WEAK POSITIVE GAMMA
2026-02-06 00:00:00,16.48,14.19,6932.3,6360.94,POSITIVE GAMMA
2026-02-09 00:00:00,2.12,14.17,6964.82,6890.82,WEAK POSITIVE GAMMA
2026-02-10 00:00:00,4.12,14.09,6941.81,6798.81,WEAK POSITIVE GAMMA
2026-02-11 00:00:00,5.94,14.09,6941.47,6735.31,WEAK POSITIVE GAMMA
2026-02-12 00:00:00,-7.23,16.05,6832.76,7079.93,TRANSITION ZONE
2026-02-13 00:00:00,-9.81,16.04,6836.17,7171.64,TRANSITION ZONE
2026-02-17 00:00:00,-12.18,15.66,6843.22,7259.82,NEGATIVE GAMMA
2026-02-18 00:00:00,-11.36,15.6,6881.31,7272.0,NEGATIVE GAMMA
2026-02-19 00:00:00,-12.69,15.46,6861.89,7297.35,NEGATIVE GAMMA
2026-02-20 00:00:00,-3.43,14.24,6909.51,7028.03,TRANSITION ZONE
2026-02-23 00:00:00,2.69,11.35,6837.75,6745.79,WEAK POSITIVE GAMMA
2026-02-24 00:00:00,5.83,11.87,6890.07,6689.11,WEAK POSITIVE GAMMA
2026-02-25 00:00:00,4.21,12.63,6946.13,6799.77,WEAK POSITIVE GAMMA
2026-02-26 00:00:00,5.46,12.92,6908.86,6720.27,WEAK POSITIVE GAMMA
2026-02-27 00:00:00,11.57,10.1,6878.88,6480.99,POSITIVE GAMMA
2026-03-02 00:00:00,12.78,10.1,6881.62,6442.04,POSITIVE GAMMA
2026-03-03 00:00:00,5.25,11.3,6816.63,6637.83,WEAK POSITIVE GAMMA
2026-03-04 00:00:00,7.84,11.67,6869.5,6600.2,WEAK POSITIVE GAMMA
2026-03-05 00:00:00,7.63,11.93,6830.71,6570.21,WEAK POSITIVE GAMMA
2026-03-06 00:00:00,3.39,12.74,6740.02,6625.72,WEAK POSITIVE GAMMA
2026-03-09 00:00:00,-1.82,12.93,6795.99,6857.78,TRANSITION ZONE
2026-03-10 00:00:00,6.65,12.09,6781.48,6555.92,WEAK POSITIVE GAMMA
2026-03-11 00:00:00,11.6,10.85,6775.8,6382.67,POSITIVE GAMMA
2026-03-12 00:00:00,3.09,12.61,6672.62,6569.53,WEAK POSITIVE GAMMA
2026-03-13 00:00:00,7.19,12.67,6632.19,6393.61,WEAK POSITIVE GAMMA
2026-03-16 00:00:00,-2.84,14.36,6699.38,6794.64,TRANSITION ZONE
2026-03-17 00:00:00,1.9,14.02,6716.09,6652.29,WEAK POSITIVE GAMMA
2026-03-18 00:00:00,-3.11,14.2,6624.7,6727.63,TRANSITION ZONE
2026-03-19 00:00:00,3.15,14.16,6606.49,6502.38,WEAK POSITIVE GAMMA
2026-03-20 00:00:00,3.55,14.56,6506.48,6391.15,WEAK POSITIVE GAMMA
2026-03-23 00:00:00,-4.15,15.33,6581.0,6717.59,TRANSITION ZONE
2026-03-24 00:00:00,-2.08,15.32,6556.37,6624.72,TRANSITION ZONE
2026-03-25 00:00:00,1.33,15.92,6591.9,6547.96,WEAK POSITIVE GAMMA
2026-03-26 00:00:00,1.56,16.44,6477.16,6426.48,WEAK POSITIVE GAMMA
2026-03-27 00:00:00,2.08,17.84,6368.85,6302.46,WEAK POSITIVE GAMMA
2026-03-30 00:00:00,7.05,16.03,6343.72,6120.07,WEAK POSITIVE GAMMA
2026-03-31 00:00:00,-20.16,23.39,6528.52,7186.65,NEGATIVE GAMMA
2026-04-01 00:00:00,-18.94,23.01,6575.32,7198.02,NEGATIVE GAMMA
2026-04-02 00:00:00,-12.45,23.0,6582.69,6992.46,NEGATIVE GAMMA
2026-04-06 00:00:00,-7.45,21.51,6611.83,6858.03,TRANSITION ZONE
2026-04-07 00:00:00,-7.15,20.8,6616.85,6853.51,TRANSITION ZONE
2026-04-08 00:00:00,-15.85,23.86,6782.81,7320.41,NEGATIVE GAMMA
2026-04-09 00:00:00,-13.75,23.88,6824.66,7293.95,NEGATIVE GAMMA
2026-04-10 00:00:00,-4.79,21.09,6816.89,6980.11,TRANSITION ZONE
2026-04-13 00:00:00,8.64,17.21,6886.24,6588.63,WEAK POSITIVE GAMMA
2026-04-14 00:00:00,16.31,15.96,6967.38,6399.23,POSITIVE GAMMA
2026-04-15 00:00:00,28.83,11.77,7022.95,6010.57,STRONG POSITIVE GAMMA
2026-04-16 00:00:00,27.97,12.01,7041.28,6056.71,STRONG POSITIVE GAMMA
2026-04-17 00:00:00,31.12,11.79,7126.06,6017.08,STRONG POSITIVE GAMMA
2026-04-20 00:00:00,21.91,12.81,7109.14,6330.26,STRONG POSITIVE GAMMA
2026-04-21 00:00:00,12.45,14.24,7064.01,6624.22,POSITIVE GAMMA
2026-04-22 00:00:00,29.67,10.4,7137.9,6079.03,STRONG POSITIVE GAMMA
2026-04-23 00:00:00,24.76,11.35,7108.4,6228.55,STRONG POSITIVE GAMMA
2026-04-24 00:00:00,26.47,11.09,7165.08,6216.87,STRONG POSITIVE GAMMA
2026-04-27 00:00:00,25.3,10.83,7173.91,6266.35,STRONG POSITIVE GAMMA
2026-04-28 00:00:00,25.49,10.77,7138.8,6228.98,STRONG POSITIVE GAMMA
2026-04-29 00:00:00,25.35,10.38,7135.95,6231.64,STRONG POSITIVE GAMMA
2026-04-30 00:00:00,25.15,11.25,7209.01,6302.44,STRONG POSITIVE GAMMA
2026-05-01 00:00:00,29.73,9.92,7230.12,6155.2,STRONG POSITIVE GAMMA
2026-05-04 00:00:00,25.95,10.14,7200.75,6266.58,STRONG POSITIVE GAMMA
2026-05-05 00:00:00,32.19,9.67,7259.22,6090.97,STRONG POSITIVE GAMMA
2026-05-06 00:00:00,31.02,10.74,7365.12,6222.63,STRONG POSITIVE GAMMA
2026-05-07 00:00:00,27.47,10.68,7337.11,6329.19,STRONG POSITIVE GAMMA
2026-05-08 00:00:00,28.55,10.73,7398.93,6342.69,STRONG POSITIVE GAMMA
2026-05-11 00:00:00,26.57,10.7,7414.95,6429.81,STRONG POSITIVE GAMMA
2026-05-11 23:52:48,35.0,10.71,7412.84,7184.65,STRONG POSITIVE GAMMA
2026-05-12 03:33:58,35.0,10.71,7412.84,7178.35,STRONG POSITIVE GAMMA
2026-05-12 23:55:28,35.0,10.11,7400.96,7212.38,STRONG POSITIVE GAMMA
2026-05-13 03:41:58,35.0,10.11,7400.96,7215.35,STRONG POSITIVE GAMMA
2026-05-13 23:51:46,35.0,9.9,7444.25,7219.53,STRONG POSITIVE GAMMA
2026-05-14 03:40:56,35.0,9.9,7444.25,7206.13,STRONG POSITIVE GAMMA
2026-05-14 23:51:47,35.0,9.55,7501.24,7253.8,STRONG POSITIVE GAMMA
2026-05-15 03:44:42,35.0,9.55,7501.24,7277.13,STRONG POSITIVE GAMMA
2026-05-15 23:50:46,24.12,12.64,7408.5,7279.29,STRONG POSITIVE GAMMA
2026-05-16 03:28:55,24.65,12.64,7408.5,7280.52,STRONG POSITIVE GAMMA
2026-05-19 00:00:51,21.67,12.26,7403.05,7289.52,STRONG POSITIVE GAMMA
2026-05-19 03:44:36,21.59,12.26,7403.05,7291.1,STRONG POSITIVE GAMMA
2026-05-19 23:57:47,10.6,12.7,7353.61,7303.18,POSITIVE GAMMA
2026-05-20 03:49:30,10.32,12.7,7353.61,7305.51,POSITIVE GAMMA
2026-05-21 00:02:49,30.81,11.72,7432.97,7304.41,STRONG POSITIVE GAMMA
2026-05-21 03:44:42,30.24,11.72,7432.97,7308.57,STRONG POSITIVE GAMMA
2026-05-21 23:56:46,31.96,11.42,7445.72,7314.66,STRONG POSITIVE GAMMA
2026-05-22 03:53:15,29.9,11.42,7445.72,7329.53,STRONG POSITIVE GAMMA
2026-05-23 00:00:47,35.0,10.85,7473.47,7311.37,STRONG POSITIVE GAMMA
2026-05-23 03:33:57,35.0,10.85,7473.47,7311.37,STRONG POSITIVE GAMMA
2026-05-25 23:58:57,28.52,10.85,7473.47,7382.05,STRONG POSITIVE GAMMA
2026-05-26 03:52:04,31.99,10.85,7473.47,7377.73,STRONG POSITIVE GAMMA
2026-05-26 23:59:47,35.0,11.15,7519.12,7339.87,STRONG POSITIVE GAMMA
2026-05-27 03:51:55,35.0,11.15,7519.12,7338.88,STRONG POSITIVE GAMMA
2026-05-27 13:30:21,35.0,11.02,7519.12,7390.5,STRONG POSITIVE GAMMA
2026-05-27 23:56:48,35.0,11.05,7520.36,7361.6,STRONG POSITIVE GAMMA
2026-05-28 03:44:58,35.0,11.05,7520.36,7357.72,STRONG POSITIVE GAMMA
2026-05-28 14:03:22,35.0,10.81,7510.06,7396.52,STRONG POSITIVE GAMMA
2026-05-28 14:17:22,35.0,10.86,7521.38,7398.31,STRONG POSITIVE GAMMA
2026-05-28 14:40:23,35.0,10.82,7540.46,7395.59,STRONG POSITIVE GAMMA
2026-05-28 14:48:58,35.0,10.82,7538.75,7396.86,STRONG POSITIVE GAMMA
2026-05-28 15:02:24,35.0,10.92,7537.76,7396.77,STRONG POSITIVE GAMMA
2026-05-29 00:06:47,35.0,11.04,7563.63,7372.12,STRONG POSITIVE GAMMA
2026-05-29 03:50:30,35.0,11.04,7563.63,7416.24,STRONG POSITIVE GAMMA
2026-05-30 00:03:55,35.0,10.53,7580.06,7391.26,STRONG POSITIVE GAMMA
2026-05-30 03:41:56,35.0,10.53,7580.06,7391.26,STRONG POSITIVE GAMMA
2026-06-02 00:08:48,35.0,7.37,7599.96,7418.48,STRONG POSITIVE GAMMA
2026-06-02 03:58:05,35.0,7.37,7599.96,7415.11,STRONG POSITIVE GAMMA
2026-06-03 00:24:48,35.0,7.18,7609.78,7444.6,STRONG POSITIVE GAMMA
2026-06-03 03:54:56,35.0,7.18,7609.78,7444.65,STRONG POSITIVE GAMMA
2026-06-04 00:26:47,22.55,7.45,7553.68,7467.33,STRONG POSITIVE GAMMA
2026-06-04 03:57:12,24.13,7.45,7553.68,7458.73,STRONG POSITIVE GAMMA
2026-06-05 00:00:47,31.66,6.05,7584.31,7486.33,STRONG POSITIVE GAMMA
2026-06-05 03:44:57,33.29,,7584.31,7480.44,STRONG POSITIVE GAMMA
2026-06-06 00:01:54,-23.37,15.69,7383.74,7466.53,NEGATIVE GAMMA
2026-06-06 03:44:34,-23.37,15.69,7383.74,7466.53,NEGATIVE GAMMA
2026-06-08 23:59:47,-14.08,15.64,7405.73,7444.45,NEGATIVE GAMMA
2026-06-09 03:44:56,-16.46,15.64,7405.73,7447.24,NEGATIVE GAMMA
2026-06-09 15:25:15,-19.87,15.48,7394.31,7439.0,NEGATIVE GAMMA
2026-06-10 00:12:30,-20.33,15.15,7386.65,7440.96,NEGATIVE GAMMA
2026-06-10 23:13:45,-41.37,16.74,7266.99,7412.08,DEEP NEGATIVE GAMMA
2026-06-11 00:13:47,-44.56,16.74,7266.99,7415.78,DEEP NEGATIVE GAMMA
